,Hospital_Name,Location,Disease
0,A A Hospital,Tamilnadu,Fungal infection
1,A C Hospital,Tamilnadu,Fungal infection
2,A-Care Orthopaedic & General Hospital,Maharashtra,Fungal infection
3,A-One Hospital Pvt Ltd,Delhi,Fungal infection
4,A.B.Eye Institute,Bihar,Fungal infection
5,A.C. Hospital,Tamilnadu,Fungal infection
6,A.G. Eye Care Hospitals (U Nit Of Dr. A.G. Eye Hospitals Private Limited,Tamilnadu,Fungal infection
7,A.G. Hospital,Tamilnadu,Fungal infection
8,A.G. Padmavati'S Hospital Ltd.,Tamilnadu,Fungal infection
9,A.J. Hospital,Kerala,Fungal infection
10,A.J. Hospital & Research Centre,Karnataka,Allergy
11,A.K.G. Surgical Centre,Uttar Pradesh,Allergy
12,A.M. Hospital,Karnataka,Allergy
13,A.M. Hospital,Kerala,Allergy
14,A.N. Beach Hospital,Andhra Pradesh,Allergy
15,A.N.N Hospital,Tamilnadu,Allergy
16,A.P.Hospital,Punjab,Allergy
17,A.P.Varkey Mission Hospital,Kerala,Allergy
18,A.R.Hospital Pvt Ltd,Tamilnadu,Allergy
19,A.U.S. Clinic & Lithotripsy Centre,Maharashtra,Allergy
20,A.V. Hospitals,Tamilnadu,GERD
21,A.V.Da Costa Hospital,Goa,GERD
22,A.V.M. Hospital A.V.M.M. Associates (P) Ltd,Tamilnadu,GERD
23,Aabu Tayshete Memorial Hospital,Maharashtra,GERD
24,Aadhar Hospital,Karnataka,GERD
25,Aadithya Adhikari Hospital,Karnataka,GERD
26,Aaditya Hospital,Maharashtra,GERD
27,Aadya Ent Hospital,Gujarat,GERD
28,Aadya Eye Hospital,Gujarat,GERD
29,Aagman Hospital,Gujarat,GERD
30,Aakar Hospital,Gujarat,Chronic cholestasis
31,Aakash Eye Hospital,Gujarat,Chronic cholestasis
32,Aakash Hospital,Delhi,Chronic cholestasis
33,Aakash Hospital,Tamilnadu,Chronic cholestasis
34,Aakashdeep Hospital,Maharashtra,Chronic cholestasis
35,Aalok Ortho Care,Gujarat,Chronic cholestasis
36,Aarif Nursing Home,Andhra Pradesh,Chronic cholestasis
37,Aarogya Hospital (A Unit Of Kastura Medicos Limited,Uttar Pradesh,Chronic cholestasis
38,Aarogyam Multispeciality Hospital,Maharashtra,Chronic cholestasis
39,Aarthi Hospital,Tamilnadu,Chronic cholestasis
40,Aarthy Eye Hospital,Tamilnadu,Drug Reaction
41,Aaruni Hospital Pvt Ltd,Gujarat,Drug Reaction
42,Aaryan Institute Of Medical Sciences,Gujarat,Drug Reaction
43,Aasha Hospitals,Andhra Pradesh,Drug Reaction
44,Aashirwad Hospital,Haryana,Drug Reaction
45,Aashirwad Hospital,Maharashtra,Drug Reaction
46,Aashirwad Nursing Home,Maharashtra,Drug Reaction
47,Aashirwad Nursing Home & Iccu,Maharashtra,Drug Reaction
48,Aashirwad Nursing Home (Heart And Diabetes Center),Delhi,Drug Reaction
49,Aashlok Nursing Home Pvt Ltd,Delhi,Drug Reaction
50,Aastha Eye Centre,Haryana,Peptic ulcer diseae
51,Aastha Hospital,Delhi,Peptic ulcer diseae
52,Aastha Hospital,Maharashtra,Peptic ulcer diseae
53,Aastha Hospital,Maharashtra,Peptic ulcer diseae
54,Aastha Kidney & Multispecialty Hospital,Rajasthan,Peptic ulcer diseae
55,Aayush Eye Clinic,Maharashtra,Peptic ulcer diseae
56,Aayushmaan Hospital,Uttar Pradesh,Peptic ulcer diseae
57,Aayushman The Family Hospital,Andhra Pradesh,Peptic ulcer diseae
58,Abc Hospitals,Andhra Pradesh,Peptic ulcer diseae
59,Abdul Khadir Hospital,Tamilnadu,Peptic ulcer diseae
60,Abha Nursing Home (P) Ltd,Uttar Pradesh,AIDS
61,Abhaya Critical Care,Andhra Pradesh,AIDS
62,Abhaya Emergency Centre Sri Hospitals,Andhra Pradesh,AIDS
63,Abhaya Eye Hospital,Karnataka,AIDS
64,Abhaya Hospital,Karnataka,AIDS
65,Abhaya Hospital (Neuropsychiatry & Critical Care Hospital Pvt Ltd),Karnataka,AIDS
66,Abhaya- Bbc Children Hospital,Andhra Pradesh,AIDS
67,Abhi Sai Hospitals,Andhra Pradesh,AIDS
68,Abhijay Hospital (P) Ltd.,Tamilnadu,AIDS
69,Abhijit Hospital,Maharashtra,AIDS
70,Abhilash Hospital & Sara Rehabilitation Centre,Karnataka,Diabetes 
71,Abhilasha Hospital,Punjab,Diabetes 
72,Abhinandan Hospital,Bihar,Diabetes 
73,Abhinav Drishti Eye Hospital,Uttar Pradesh,Diabetes 
74,Abhinav Multispeciality Hospital,Maharashtra,Diabetes 
75,Abhiram Institute Of Medical Sciences,Andhra Pradesh,Diabetes 
76,Abhishek Nethradhama,Karnataka,Diabetes 
77,Abhishek Nursing Home (L.P.Diagnostics Pvt. Ltd.),Maharashtra,Diabetes 
78,Abinand Hospital,Tamilnadu,Diabetes 
79,Abiraami Hospital,Tamilnadu,Diabetes 
80,Acchutha Eye Care,Tamilnadu,Gastroenteritis
81,Accident Fracture And Orthopedic Hospital,Gujarat,Gastroenteritis
82,Ace Heart & Vascular Institute. (A Unit Of Prime Cardiac Care Pvt. Ltd.),Punjab,Gastroenteritis
83,Acharya Shri Chander College Of Medical Sciences & Hospital,Jammu & Kashmir,Gastroenteritis
84,Acharya Tulsi Jain Hospital,Karnataka,Gastroenteritis
85,Acharya Vinoba Bhave Rural Hospital,Maharashtra,Gastroenteritis
86,Achyut Pandit Hospital,Karnataka,Gastroenteritis
87,Action Cancer Hospital,Delhi,Gastroenteritis
88,Acura Health Care Pvt Ltd,Karnataka,Gastroenteritis
89,Adarsh Hospital,Andhra Pradesh,Gastroenteritis
90,Adarsh Hospital,Gujarat,Bronchial Asthma
91,Adarsh Hospital,Maharashtra,Bronchial Asthma
92,Adarsh Hospital,Maharashtra,Bronchial Asthma
93,Adarsh Nursing Home,Karnataka,Bronchial Asthma
94,Adarsha Hospital,Karnataka,Bronchial Asthma
95,Adarsha Hospital Udupi,Karnataka,Bronchial Asthma
96,Adarsha Nethralayam,Andhra Pradesh,Bronchial Asthma
97,Adarsha Nursing Home,Karnataka,Bronchial Asthma
98,Adavally Damodar Reddy Memorial Hospital,Andhra Pradesh,Bronchial Asthma
99,Add Hospital Pvt Ltd,Orissa,Bronchial Asthma
100,Adesh Hospital & Research Centre,Punjab,Hypertension 
101,Adichunchanagiri Hospital & Research,Karnataka,Hypertension 
102,Adilakshmi Nursing Home,Andhra Pradesh,Hypertension 
103,Adinath Hospital,Uttar Pradesh,Hypertension 
104,Adithi Maternity And General Nursing Home,Karnataka,Hypertension 
105,Adithya Nursing Home,Karnataka,Hypertension 
106,Adithya Speciality Hospital,Tamilnadu,Hypertension 
107,Aditi Hosptial,Karnataka,Hypertension 
108,Aditi Medical Centre,Uttar Pradesh,Hypertension 
109,Adittya Eye Clinic,Maharashtra,Hypertension 
110,Aditya Care Hospital,Orissa,Migraine
111,Aditya Diagnostics & Hospitals (A Unit Of Dr. N. Sahewalla & Co Pvt. Ltd),Assam,Migraine
112,Aditya Eye Clinic And Contact Lens Centre,Maharashtra,Migraine
113,Aditya Eye Hospital,Kerala,Migraine
114,Aditya Health Research Foundation (P) Ltd,West Bengal,Migraine
115,Aditya Hospital,Andhra Pradesh,Migraine
116,Aditya Hospital,Tamilnadu,Migraine
117,Aditya Jyot Eye Hospital (P) Ltd.,Maharashtra,Migraine
118,Aditya Medical Park (A Unit Of Aditya Health Research Foundation Pvt Ltd),West Bengal,Migraine
119,Aditya Multi Care Hospital,Andhra Pradesh,Migraine
120,Aditya Multispeciality Hospital,Andhra Pradesh,Cervical spondylosis
121,Aditya Netralaya,Karnataka,Cervical spondylosis
122,Aditya Nursing Home,Andhra Pradesh,Cervical spondylosis
123,Aditya Nursing Home,Madhya Pradesh,Cervical spondylosis
124,Aditya Orthopaedic & Trauma Centre,Karnataka,Cervical spondylosis
125,Aditya Orthopaedic Hospital,Gujarat,Cervical spondylosis
126,Adityaj Hospital,Punjab,Cervical spondylosis
127,Adiva Hospital Pvt. Ltd.,Delhi,Cervical spondylosis
128,Adr Hospital,Andhra Pradesh,Cervical spondylosis
129,Advance Mother And Child Care Center,Punjab,Cervical spondylosis
130,"Advanced Neurology & Superspeciality Hospital, Jaipur",Rajasthan,Paralysis (brain hemorrhage)
131,Adventist Wockardt Heart Hospital,Gujarat,Paralysis (brain hemorrhage)
132,Adyar P.M. Hospital,Tamilnadu,Paralysis (brain hemorrhage)
133,Aeinullah Eye Hospital,Karnataka,Paralysis (brain hemorrhage)
134,Agadi Hospital & Research Centre,Karnataka,Paralysis (brain hemorrhage)
135,Agarwal Maternity & General Hospital,Maharashtra,Paralysis (brain hemorrhage)
136,Agarwal Medical Centre,Delhi,Paralysis (brain hemorrhage)
137,Agarwal Nursing Home,Haryana,Paralysis (brain hemorrhage)
138,Agarwal Nursing Home,Maharashtra,Paralysis (brain hemorrhage)
139,Agash Nursing Home,Tamilnadu,Paralysis (brain hemorrhage)
140,Aggarwal Eye Hospital,Maharashtra,Jaundice
141,Aggarwal Medical Centre,Haryana,Jaundice
142,Aggarwal Nursing Home,Delhi,Jaundice
143,Agile Hospital Pvt. Ltd,Assam,Jaundice
144,Agrawal Clinic Surgical & General Hospital With Icu,Maharashtra,Jaundice
145,Agrawal Eye Hospital,Uttar Pradesh,Jaundice
146,Agrawal Eye Hospital,Maharashtra,Jaundice
147,Agrawal Eye Institute,Delhi,Jaundice
148,Agrawal Hospital,Gujarat,Jaundice
149,Agrawal Hospital,Madhya Pradesh,Jaundice
150,Agrawal Hospital (A Unit Of Agrawal Institute Of Medical Sciences Pvt,Chattisgarh,Malaria
151,Agrawal Nursing Home,Maharashtra,Malaria
152,Ahalia Foundation Eye Hospital,Kerala,Malaria
153,Ahalya Nursing Home,Andhra Pradesh,Malaria
154,Ahalyadevi Nursing Home,Andhra Pradesh,Malaria
155,Ahirkar Hospital,Maharashtra,Malaria
156,Ahmed Hospital,Haryana,Malaria
157,Ahmed Hospitals,Jammu & Kashmir,Malaria
158,Ahooja Eye & Dental Institute,Haryana,Malaria
159,Ahuja Nursing Home & Polyclinic,Maharashtra,Malaria
160,Aisha Memorial Hospital (Tsunami Project Only),Kerala,Chicken pox
161,Ajani Hospital,Gujarat,Chicken pox
162,Ajanta Hospital & Ivf Centre Pvt Ltd,Uttar Pradesh,Chicken pox
163,Ajay Hospital,Uttar Pradesh,Chicken pox
164,Ajay Medical Centre,Karnataka,Chicken pox
165,Ajay Pratima Hospital,Uttar Pradesh,Chicken pox
166,Ajit Surgical & Maternity Home,Karnataka,Chicken pox
167,Ajmer Hospital,Rajasthan,Chicken pox
168,Ajwani Eye Hospital Pvt. Ltd.,Madhya Pradesh,Chicken pox
169,Ak Hospital,Tamilnadu,Chicken pox
170,Akanksha Maternity & Surgical Hospital,Maharashtra,Dengue
171,Akansha Orthopedic Centre,Rajasthan,Dengue
172,Akar Hospital,Gujarat,Dengue
173,Akilesh Orthopaedics Hospitals,Tamilnadu,Dengue
174,Akira Eye Hospital,Andhra Pradesh,Dengue
175,Akshar Eye Hospital,Gujarat,Dengue
176,Akshar Surgical Hospital,Gujarat,Dengue
177,Akshardeep Orthopaedic Hospital,Gujarat,Dengue
178,Akshare Eye Foundation,Karnataka,Dengue
179,Akshay Eye Clinic,Maharashtra,Dengue
180,Akshay Hospital,Chattisgarh,Typhoid
181,Akshay Hospital,Karnataka,Typhoid
182,Akshay Mallya Hospital,Karnataka,Typhoid
183,Akshay Medical Foundation,Maharashtra,Typhoid
184,Akshaya Care Multi Speciality Hospital,Andhra Pradesh,Typhoid
185,Akshaya Heart Hospital,Madhya Pradesh,Typhoid
186,Akshaya Nethralaya,Karnataka,Typhoid
187,Akshaya Nursing Home,Karnataka,Typhoid
188,Akshayjyot Eye Hospial,Maharashtra,Typhoid
189,Akshi Eye Care Centre,Uttar Pradesh,Typhoid
190,Akshitha Hospitals,Andhra Pradesh,hepatitis A
191,Al Salama Eye Hospital,Kerala,hepatitis A
192,Al Salama Eye Hospital Ltd,Kerala,hepatitis A
193,Al Shifa Hospital Pvt Ltd,Kerala,hepatitis A
194,Al-Arif Hospital,Kerala,hepatitis A
195,Alam Hospital & Research Centre,Jharkhand,hepatitis A
196,Alapati Nursing Home,Andhra Pradesh,hepatitis A
197,Alatkar Hospital,Maharashtra,hepatitis A
198,Alchemist Hospitals Ltd,Haryana,hepatitis A
199,Alchemist Institute Of Medical Science,Haryana,hepatitis A
200,Alexander Eye Centre,Kerala,Hepatitis B
201,Alhat Nursing Home,Maharashtra,Hepatitis B
202,All Asia Medical Institute (A Unit Of Harsh Medical Centre Pvt Ltd).,West Bengal,Hepatitis B
203,Alled Hospital Limited (Tsunami Project Only),Kerala,Hepatitis B
204,Alliance Hospital,Uttar Pradesh,Hepatitis B
205,Alluri Sitarama Raju Academy Of Medical Sciences,Andhra Pradesh,Hepatitis B
206,Almas Hospital,Kerala,Hepatitis B
207,Alok Hospital,Rajasthan,Hepatitis B
208,Alpha Ent Head And Neck Research Institute And Hospital,Kerala,Hepatitis B
209,Alpha Medical Services (Pvt) Ltd,West Bengal,Hepatitis B
210,Alpha Medical Services Pvt Ltd,West Bengal,Hepatitis C
211,Alpha Super Speciality Hospital,Andhra Pradesh,Hepatitis C
212,Alphonsa Hospital,Kerala,Hepatitis C
213,Alps Hospital (Max Hospital),Haryana,Hepatitis C
214,Altec Laser & Superspeciality Hospital,Punjab,Hepatitis C
215,Altius Healthcare Pvt Ltd,Delhi,Hepatitis C
216,Altius Healthcare Pvt Ltd,Delhi,Hepatitis C
217,Alva Hospital Pvt Ltd,Tamilnadu,Hepatitis C
218,Amala Cancer Hospital & Research Centre,Kerala,Hepatitis C
219,Amar Leela Hospital (P) Ltd,Delhi,Hepatitis C
220,Amar Medical & Research Centre,Rajasthan,Hepatitis D
221,Amar Orthopaedic Hospital,Andhra Pradesh,Hepatitis D
222,Amaravathi Hospital,Tamilnadu,Hepatitis D
223,Amaravathi Institute Of Medical Sciences Pvt Ltd,Andhra Pradesh,Hepatitis D
224,Amarawati Hospital,Haryana,Hepatitis D
225,Amardeep Eye Care,Kerala,Hepatitis D
226,Amardeep Nursing Home,Maharashtra,Hepatitis D
227,Ambaa Hospitals,Andhra Pradesh,Hepatitis D
228,Ambay Hospital,Uttar Pradesh,Hepatitis D
229,Ambika Hospital,Maharashtra,Hepatitis D
230,Amee Deep Hospital,Gujarat,Hepatitis E
231,American Oncology Institute (A Unit Of Cancer Treatment Services Hyderabad Pvt. Ltd.),Andhra Pradesh,Hepatitis E
232,Amijeet Maternity Hospital,Gujarat,Hepatitis E
233,Amin Maternity And Nursing Home,Gujarat,Hepatitis E
234,Amit Hospital,Orissa,Hepatitis E
235,Amit Jaggi Memorial Hospital,Uttar Pradesh,Hepatitis E
236,Amit Nursing Home,Delhi,Hepatitis E
237,Amma Children'S Hospital,Andhra Pradesh,Hepatitis E
238,Amma Hospital,Andhra Pradesh,Hepatitis E
239,Amma Hospital,Karnataka,Hepatitis E
240,Amma Hospital,Tamilnadu,Alcoholic hepatitis
241,Amma Hospital,Tamilnadu,Alcoholic hepatitis
242,Ammayi Eye Hospital,Tamilnadu,Alcoholic hepatitis
243,Amri Hospitals Ltd,West Bengal,Alcoholic hepatitis
244,Amri Medical Center,West Bengal,Alcoholic hepatitis
245,Amrik Nethralaya,Karnataka,Alcoholic hepatitis
246,Amrit Medicare Pvt Ltd,Tamilnadu,Alcoholic hepatitis
247,Amritdhara Hospital Pvt Ltd,Haryana,Alcoholic hepatitis
248,Amritsar Hospital,Punjab,Alcoholic hepatitis
249,Amrut Hospital & Endoscopy Clinic,Maharashtra,Alcoholic hepatitis
250,Amruth Hospital,Karnataka,Tuberculosis
251,Amrutha Heart Hospital,Andhra Pradesh,Tuberculosis
252,Amrutha Hospital,Karnataka,Tuberculosis
253,Amrutha Nursing Home,Andhra Pradesh,Tuberculosis
254,Amrutha Nursing Home Private Limited,Andhra Pradesh,Tuberculosis
255,Amudha Poly Clinic And Hospital,Tamilnadu,Tuberculosis
256,Amulya Jyoti Eye Foundation,West Bengal,Tuberculosis
257,Amulya Nursing Home,Andhra Pradesh,Tuberculosis
258,Anadiyil Hospital,Kerala,Tuberculosis
259,Anamay Eye Hospital,Gujarat,Tuberculosis
260,Anamaya Nursing Home,Maharashtra,Common Cold
261,Anand Eye Institute Private Limited,Andhra Pradesh,Common Cold
262,Anand Health Care Ltd,Delhi,Common Cold
263,Anand Hospital,Delhi,Common Cold
264,Anand Hospital,Uttar Pradesh,Common Cold
265,Anand Hospital,Tamilnadu,Common Cold
266,Anand Hospital,Maharashtra,Common Cold
267,Anand Hospital,Maharashtra,Common Cold
268,Anand Hospital,Maharashtra,Common Cold
269,Anand Hospital,Maharashtra,Common Cold
270,Anand Hospital & Eye Centre,Rajasthan,Pneumonia
271,Anand Hospital & Navdeep Eye Centre,Haryana,Pneumonia
272,Anand Hospital & Research Centre Pvt Ltd,Madhya Pradesh,Pneumonia
273,Anand Hospital (Multispeciality),Uttar Pradesh,Pneumonia
274,Anand Hospitals,Tamilnadu,Pneumonia
275,Anand Maternity & Nursing Home,Maharashtra,Pneumonia
276,Anand Medical Centre,Haryana,Pneumonia
277,Anand Medical Foundation Subudh Hospital,Maharashtra,Pneumonia
278,Anand Multispeciality Hospital,Gujarat,Pneumonia
279,Anand Multispeciality Hospital,Gujarat,Pneumonia
280,Anand Nirogdham Hospital Pvt Ltd,Uttar Pradesh,Dimorphic hemmorhoids(piles)
281,Anand Nursing Home,Uttar Pradesh,Dimorphic hemmorhoids(piles)
282,Anand Nursing Home,Maharashtra,Dimorphic hemmorhoids(piles)
283,Anand Nursing Home,Maharashtra,Dimorphic hemmorhoids(piles)
284,Anand Surgical Hospital Ltd.,Gujarat,Dimorphic hemmorhoids(piles)
285,Anandaloke Hospital & Neurosciences Centre,West Bengal,Dimorphic hemmorhoids(piles)
286,Anande Hospital,Maharashtra,Dimorphic hemmorhoids(piles)
287,Anandlok Hospital,West Bengal,Dimorphic hemmorhoids(piles)
288,Anandpara Surgical & General Hospital,Maharashtra,Dimorphic hemmorhoids(piles)
289,Anandrishiji Hospital & Medical Research Centre,Maharashtra,Dimorphic hemmorhoids(piles)
290,Anant Nursing Home Pvt Ltd,Madhya Pradesh,Heart attack
291,Anant Shree Hospital,Madhya Pradesh,Heart attack
292,Anantha Lakshmi Kidney & Multispeciality Hospital,Andhra Pradesh,Heart attack
293,Ananthapuri Hospital & Research Institute,Kerala,Heart attack
294,Ananya Hospital Pvt Ltd,Karnataka,Heart attack
295,Anasuya Institute Of Medical Sciences,Andhra Pradesh,Heart attack
296,Anbu Hospital,Tamilnadu,Heart attack
297,Anbu Hospital,Tamilnadu,Heart attack
298,Andhra Hospitals,Andhra Pradesh,Heart attack
299,Andhra Mahila Sabha,Tamilnadu,Heart attack
300,Aneja Hospital & Nursing Home,Haryana,Varicose veins
301,Aneri Surgical & Neurosurgical Hospital,Gujarat,Varicose veins
302,Angel Maternity & Nursing Home,West Bengal,Varicose veins
303,Anil Baghi Hospital,Punjab,Varicose veins
304,Anil Eye Hospital,Maharashtra,Varicose veins
305,Anitha Nursing Home,Andhra Pradesh,Varicose veins
306,Anjakha Hospital,Tamilnadu,Varicose veins
307,Anjali Hospital,Gujarat,Varicose veins
308,Anjali Hospital,Maharashtra,Varicose veins
309,Ankith Multispeciality Hospitals,Andhra Pradesh,Varicose veins
310,Ankur Hospital,Maharashtra,Hypothyroidism
311,Ankur Maternity And Surgical Nursing Home,Maharashtra,Hypothyroidism
312,Ankur Nursing Home,Maharashtra,Hypothyroidism
313,Ankur Nursing Home & Pain Clinic,Maharashtra,Hypothyroidism
314,Ankura Children'S Hospital ( A Unit Of Ankura Medical & Research Centre Pvt Ltd ),Andhra Pradesh,Hypothyroidism
315,Anmmol Orthovision,Maharashtra,Hypothyroidism
316,Annadaneshwara Hospital,Karnataka,Hypothyroidism
317,Annai Ent And Head & Neck Care Centre,Tamilnadu,Hypothyroidism
318,Annai Hospital,Tamilnadu,Hypothyroidism
319,Annai Velankanni Nursing Home,Tamilnadu,Hypothyroidism
320,Annamalai Hospital,Tamilnadu,Hyperthyroidism
321,Annammal Hospital,Tamilnadu,Hyperthyroidism
322,Annapoorna Hospital,Andhra Pradesh,Hyperthyroidism
323,Annapoorna Orthopaedic & Speciality Hospital,Karnataka,Hyperthyroidism
324,Annapurna Hospital,Karnataka,Hyperthyroidism
325,Annapurna Hospital,Maharashtra,Hyperthyroidism
326,Annapurna Laparoscopic Surgery And Trauma Care Center,Orissa,Hyperthyroidism
327,Annapurna Multi Speciality Hospital,Karnataka,Hyperthyroidism
328,Annapurna Multispeciality Hospital,Andhra Pradesh,Hyperthyroidism
329,Ano Surge Hospital & Research Centre,Gujarat,Hyperthyroidism
330,Ansari Hospital,Delhi,Hypoglycemia
331,Ansuya General Hospital,Gujarat,Hypoglycemia
332,Anu Hospital,Tamilnadu,Hypoglycemia
333,Anu Hospitals,Andhra Pradesh,Hypoglycemia
334,Anuchandra Accident Hospital,Maharashtra,Hypoglycemia
335,Anugraha Hospital,Karnataka,Hypoglycemia
336,Anugraha Hospital,Karnataka,Hypoglycemia
337,Anugraha Nursing Home,Karnataka,Hypoglycemia
338,Anugrahaa Hospital,Karnataka,Hypoglycemia
339,Anuj Hospital,Haryana,Hypoglycemia
340,Anukrushna Hospitals,Andhra Pradesh,Osteoarthristis
341,Anupam Jyoti Medical Centre,Uttar Pradesh,Osteoarthristis
342,Anupama Hospital,Andhra Pradesh,Osteoarthristis
343,Anupama Maternity & Nursing Home,Maharashtra,Osteoarthristis
344,Anupama Surgical & Children Hospital,Andhra Pradesh,Osteoarthristis
345,Anuradha Hospital & Trauma Centre,Haryana,Osteoarthristis
346,Anuradha Nursing Home,Karnataka,Osteoarthristis
347,Anurag Nursing Home,Rajasthan,Osteoarthristis
348,Anusha Hospital,Andhra Pradesh,Osteoarthristis
349,Anvitha Hospital,Andhra Pradesh,Osteoarthristis
350,Anwar Memorial Hospital,Kerala,Arthritis
351,Aparna Hospital,Tamilnadu,Arthritis
352,Aparna Hospitals Pvt Ltd,Andhra Pradesh,Arthritis
353,Apex Citi Hospital (A Unit Of Siddhartha Healthcare Pvt Ltd.),Delhi,Arthritis
354,Apex Hospital,Punjab,Arthritis
355,Apex Hospital,Andhra Pradesh,Arthritis
356,Apex Hospital,Karnataka,Arthritis
357,Apex Hospital,Madhya Pradesh,Arthritis
358,Apex Hospital,Maharashtra,Arthritis
359,Apex Hospital,Maharashtra,Arthritis
360,Apex Hospital,Maharashtra,(vertigo) Paroymsal  Positional Vertigo
361,Apex Hospital & Trauma Centre,Haryana,(vertigo) Paroymsal  Positional Vertigo
362,Apex Hospital (P) Ltd,Rajasthan,(vertigo) Paroymsal  Positional Vertigo
363,Apex Hospital (Steel City Critical Care Pvt Ltd),Andhra Pradesh,(vertigo) Paroymsal  Positional Vertigo
364,Apex Institute Of Medical Sciences.,West Bengal,(vertigo) Paroymsal  Positional Vertigo
365,Apex Kidney Care Pvt Ltd,Maharashtra,(vertigo) Paroymsal  Positional Vertigo
366,Apex Kidney Care Pvt Ltd,Maharashtra,(vertigo) Paroymsal  Positional Vertigo
367,Apex Kidney Care Pvt Ltd,Maharashtra,(vertigo) Paroymsal  Positional Vertigo
368,Apex Kidney Care Pvt Ltd,Maharashtra,(vertigo) Paroymsal  Positional Vertigo
369,Apex Research Centre & Hospital Pvt Ltd,Madhya Pradesh,(vertigo) Paroymsal  Positional Vertigo
370,Apex Welcare Pvt Ltd ( Apex Hosptial),Uttar Pradesh,Acne
371,Apollo B.G.S Hospitals,Karnataka,Acne
372,Apollo Emergency & Clinic,Andhra Pradesh,Acne
373,Apollo Emergency & Clinic,Andhra Pradesh,Acne
374,Apollo Emergency & Clinic,Andhra Pradesh,Acne
375,Apollo Emergency Hospital,Andhra Pradesh,Acne
376,Apollo First Med Hospitals,Tamilnadu,Acne
377,Apollo Gleneagles Hospitals Ltd.,West Bengal,Acne
378,Apollo Hospital,Andhra Pradesh,Acne
379,Apollo Hospital ( T.H.Road-Chennai),Tamilnadu,Acne
380,Apollo Hospital (Kakinada),Andhra Pradesh,Urinary tract infection
381,Apollo Hospital International Ltd,Gujarat,Urinary tract infection
382,Apollo Hospital- Basheerbagh,Andhra Pradesh,Urinary tract infection
383,Apollo Hospitals,Andhra Pradesh,Urinary tract infection
384,Apollo Hospitals,Andhra Pradesh,Urinary tract infection
385,Apollo Hospitals,Andhra Pradesh,Urinary tract infection
386,Apollo Hospitals,Karnataka,Urinary tract infection
387,Apollo Hospitals (Greams Road-Chennai),Tamilnadu,Urinary tract infection
388,Apollo Hospitals Bilaspur,Chattisgarh,Urinary tract infection
389,Apollo Hospitals Enterprise Ltd,Orissa,Urinary tract infection
390,Apollo Hospitals Enterprise Ltd,Andhra Pradesh,Psoriasis
391,Apollo Hospitals Karaikudi,Tamilnadu,Psoriasis
392,Apollo Koramangala Cradle Limited,Karnataka,Psoriasis
393,Apollo Koramangla Cradle Limited,Karnataka,Psoriasis
394,Apollo Nursing Home,Andhra Pradesh,Psoriasis
395,Apollo Speciality Hospital (Chennai),Tamilnadu,Psoriasis
396,Apollo Speciality Hospital (Madurai),Tamilnadu,Psoriasis
397,Apollo Victor Hospital,Goa,Psoriasis
398,Apolo Hospital,Punjab,Psoriasis
399,Apoorva Health Services Pvt Ltd,Andhra Pradesh,Psoriasis
400,Apoorva Hospital,Andhra Pradesh,Impetigo
401,Apoorva Hospital,Karnataka,Impetigo
402,Apoorva Multispeiality Hospital,Karnataka,Impetigo
403,Appasamy Medicare Centre Pvt Ltd,Tamilnadu,Impetigo
404,Apple Hospital,Andhra Pradesh,Impetigo
405,Apple Hospital,Karnataka,Impetigo
406,Appollo Medical Invstgations & Appollo Nursing Home,Madhya Pradesh,Impetigo
407,Appusami Hospital,Tamilnadu,Impetigo
408,Apulki Vairagade Multispeciality Hospital,Maharashtra,Impetigo
409,Arasan Eye Hospital,Tamilnadu,Impetigo
410,Aravali Hospital,Rajasthan,Fungal infection
411,Aravind Eye Hospital (Salem),Tamilnadu,Fungal infection
412,Aravind Eye Hospital - Coimbatore,Tamilnadu,Fungal infection
413,Aravind Eye Hospital - Pondicherry,Tamilnadu,Fungal infection
414,Aravind Eye Hospital - Theni,Tamilnadu,Fungal infection
415,Aravind Eye Hospital - Tirunelveli,Tamilnadu,Fungal infection
416,Aravind Eye Hospital Private Limited,Andhra Pradesh,Fungal infection
417,Aravind Eye Hospital- Madhurai,Tamilnadu,Fungal infection
418,Aravind Eye Hospital-Tirupur,Tamilnadu,Fungal infection
419,Aravind Multispeciality Hospital,Andhra Pradesh,Fungal infection
420,Aravind Nethralaya Meenakshi Hospital,Andhra Pradesh,Allergy
421,Aravind Sai Eye Hospital,Tamilnadu,Allergy
422,Aravinda Hospital,Karnataka,Allergy
423,Aravindam Orthopaedic And Physiotherapy Centre,Andhra Pradesh,Allergy
424,Archana Hospital,Rajasthan,Allergy
425,Archana Hospital,Andhra Pradesh,Allergy
426,Archana Hospital,Karnataka,Allergy
427,Argade Hospital & Maternity Home,Maharashtra,Allergy
428,Arihant Fracture & Orthopaedic Hospital,Gujarat,Allergy
429,Arihant Heart & Medical Hospital,Gujarat,Allergy
430,Arihant Heart Clinic,Maharashtra,GERD
431,Arihant Hospital,Haryana,GERD
432,Arihant Hospital & Research Centre,Madhya Pradesh,GERD
433,Ark Nursing Home,Tamilnadu,GERD
434,Arneja Institute Of Cardialogy Pvt Ltd,Maharashtra,GERD
435,Arogyadham,Uttar Pradesh,GERD
436,Arogyalayam Hospital,Kerala,GERD
437,Arogyam Superspeciality Hospital,Maharashtra,GERD
438,Arogyaseva Medical Academy Of India,Maharashtra,GERD
439,Arokya Hospital,Tamilnadu,GERD
440,Arora Hospital,Punjab,Chronic cholestasis
441,Arora Hospital(P) Ltd,Rajasthan,Chronic cholestasis
442,Arpan General Hospital,Maharashtra,Chronic cholestasis
443,Arpan Hospital And Research Center,Madhya Pradesh,Chronic cholestasis
444,Arpan Maternity Hospital & Endoscopy Centre,Gujarat,Chronic cholestasis
445,Artemis Medicare Services Ltd,Haryana,Chronic cholestasis
446,Arthroscopy & Spinal Endoscopy Centre,Punjab,Chronic cholestasis
447,Arthur Astrvatham Hospital,Tamilnadu,Chronic cholestasis
448,Arul Hospital,Tamilnadu,Chronic cholestasis
449,Arul Mission Hospital,Tamilnadu,Chronic cholestasis
450,Arumana Hospital,Kerala,Drug Reaction
451,Arun Hospital,Tamilnadu,Drug Reaction
452,Arun Hospital (Pollachi),Tamilnadu,Drug Reaction
453,Arun Hospital (Theni),Tamilnadu,Drug Reaction
454,Arun Kidney Centre,Andhra Pradesh,Drug Reaction
455,Aruna Aspatal,Rajasthan,Drug Reaction
456,Aruna Hospital,Karnataka,Drug Reaction
457,Aruna Shakti Nursing Home,Orissa,Drug Reaction
458,Arunn Surgery,Tamilnadu,Drug Reaction
459,Arunodaya Deseret Eye Hospital,Haryana,Drug Reaction
460,Arunodaya Health Care,West Bengal,Peptic ulcer diseae
461,Arunodaya Hospitals,Karnataka,Peptic ulcer diseae
462,Arunpriya Nursing Home,Tamilnadu,Peptic ulcer diseae
463,Arushi Medical Centre,Uttar Pradesh,Peptic ulcer diseae
464,Arvind Hospital Pvt Ltd,Bihar,Peptic ulcer diseae
465,Arvinth Hospital,Tamilnadu,Peptic ulcer diseae
466,Arya Hospital,Delhi,Peptic ulcer diseae
467,Arya Hospital Pvt Ltd,Punjab,Peptic ulcer diseae
468,Arya Medical Centre,Karnataka,Peptic ulcer diseae
469,Asarfi Hospital Pvt Ltd,Jharkhand,Peptic ulcer diseae
470,Asg Eye Hospital Ltd-Jaipur,Rajasthan,AIDS
471,Asg Eye Hospital Ltd-Jodhpur,Rajasthan,AIDS
472,Asha Hospital,Andhra Pradesh,AIDS
473,Asha Hospital,Maharashtra,AIDS
474,Asha Hospital,Maharashtra,AIDS
475,Asha Hospital& Iccu,Maharashtra,AIDS
476,Asha Maternity & Childrens Hospital,Maharashtra,AIDS
477,Asha Maternity & General Hospital,Maharashtra,AIDS
478,Asha Orthopaedic Hospital,Maharashtra,AIDS
479,Asha Polyclinic & Shetal Nursing Home,Maharashtra,AIDS
480,Ashirvad Hospital,Karnataka,Diabetes 
481,Ashirwad Children & Surgical Hospital,Maharashtra,Diabetes 
482,Ashirwad Hospital,Maharashtra,Diabetes 
483,Ashirwad Hospital,Maharashtra,Diabetes 
484,Ashirwad Hospital,Maharashtra,Diabetes 
485,Ashirwad Hospital & Poly Clinic,Maharashtra,Diabetes 
486,Ashirwad Hospital & Research Centre,Uttar Pradesh,Diabetes 
487,Ashirwad Maternity & General Hosptial,Maharashtra,Diabetes 
488,Ashirwad Maternity & Nursing Home,Maharashtra,Diabetes 
489,Ashirwad Medical & Orthopedic Hospital,Gujarat,Diabetes 
490,Ashirwad Nursing Home,Madhya Pradesh,Gastroenteritis
491,Ashirwad Nursing Home,Maharashtra,Gastroenteritis
492,Ashirwad Nursing Home & Research Centre,Orissa,Gastroenteritis
493,Ashirwad Orthopaedic And Surgical Nursing Home,Maharashtra,Gastroenteritis
494,Ashirwad Surgical Hospital,Gujarat,Gastroenteritis
495,Ashish Hospital,Madhya Pradesh,Gastroenteritis
496,Ashish Orthopaedic Hospital,Gujarat,Gastroenteritis
497,Ashok Hospital,Karnataka,Gastroenteritis
498,Ashok Hosptial,Tamilnadu,Gastroenteritis
499,Ashok Nursing Home,Delhi,Gastroenteritis
500,Ashoka Hospital,Kerala,Bronchial Asthma
501,Ashraya Hospital,Karnataka,Bronchial Asthma
502,Ashraya Hospital,Karnataka,Bronchial Asthma
503,Ashraya Hospital,Karnataka,Bronchial Asthma
504,Ashraya Medinova Pvt Ltd,Karnataka,Bronchial Asthma
505,Ashtavinayak Maternity Eye & Sugical Nursing Home,Maharashtra,Bronchial Asthma
506,Ashtvinayak Hospital,Maharashtra,Bronchial Asthma
507,Ashveny Clinic,Tamilnadu,Bronchial Asthma
508,Ashvini Maternity & Gynecological Hospital,Maharashtra,Bronchial Asthma
509,Ashwani Hospital,Haryana,Bronchial Asthma
510,Ashwani Hospital,Haryana,Hypertension 
511,Ashwin Hospital,Tamilnadu,Hypertension 
512,Ashwin Hospitals,Tamilnadu,Hypertension 
513,Ashwini Accident Multispeciality Hospital,Maharashtra,Hypertension 
514,Ashwini Hospital,Karnataka,Hypertension 
515,Ashwini Hospital,Karnataka,Hypertension 
516,Ashwini Hospital,Karnataka,Hypertension 
517,Ashwini Hospital,Maharashtra,Hypertension 
518,Ashwini Hospital(A Unit Of Cuttack Hospitals Pvt Ltd),Orissa,Hypertension 
519,Ashwini Kidney & Dialysis Centre,Maharashtra,Hypertension 
520,Ashwini Maternity & Surgical Hospital,Maharashtra,Migraine
521,Ashwini Multispeciality Hospital,Maharashtra,Migraine
522,Ashwini Nursing And Maternity Home,Maharashtra,Migraine
523,Ashwini Nursing Home,Karnataka,Migraine
524,Ashwini Nursing Home,Karnataka,Migraine
525,Ashwini Nursing Home,Karnataka,Migraine
526,Ashwini Nursing Home,Maharashtra,Migraine
527,Ashwini Sahakari Rugnalaya & Research Centre,Maharashtra,Migraine
528,Asian Eye Institute & Laser Centre,Maharashtra,Migraine
529,Asian Globus Liver & Gastroenterology Centre,Madhya Pradesh,Migraine
530,Asian Institute Of Gastroenterology,Andhra Pradesh,Cervical spondylosis
531,Asian Institute Of Medical Science,Maharashtra,Cervical spondylosis
532,Asian Institute Of Medical Sciences (A Unit Of Blue Sapphire Health Care Pvt Ltd),Haryana,Cervical spondylosis
533,Asian Specialty Hospital (A Unit Of Orch Hospital And Healthcare Services Llp),Karnataka,Cervical spondylosis
534,Asopa Hospital,Rajasthan,Cervical spondylosis
535,Asopa Hospital & Research Centre,Uttar Pradesh,Cervical spondylosis
536,Assured Best Care Hospital,Tamilnadu,Cervical spondylosis
537,Aster Aadhar Hospital (Prerana Hospital Ltd),Maharashtra,Cervical spondylosis
538,Astha Hospital,Uttar Pradesh,Cervical spondylosis
539,Aswene Soundra Hospital & Research Centre,Tamilnadu,Cervical spondylosis
540,Aswinee Nursing Home,Andhra Pradesh,Paralysis (brain hemorrhage)
541,Aswini Hospital,Kerala,Paralysis (brain hemorrhage)
542,Aswini Hospitals,Andhra Pradesh,Paralysis (brain hemorrhage)
543,Aswini Mother & Child Hospital,Andhra Pradesh,Paralysis (brain hemorrhage)
544,Aswini Netralayam,Andhra Pradesh,Paralysis (brain hemorrhage)
545,Atam Prakash Yadav Hospital,Haryana,Paralysis (brain hemorrhage)
546,Athare Patil Memorial Hosp And Research Center Pvt Ltd,Maharashtra,Paralysis (brain hemorrhage)
547,Athena Hospital,Karnataka,Paralysis (brain hemorrhage)
548,Athipathi Hospital And Research Center,Tamilnadu,Paralysis (brain hemorrhage)
549,Athreya Hospital,Karnataka,Paralysis (brain hemorrhage)
550,Atlas Hospitals,Tamilnadu,Jaundice
551,Atole Accident Hospital,Maharashtra,Jaundice
552,Attharva Accident Hospital,Maharashtra,Jaundice
553,Attingal Speciality Hospital,Kerala,Jaundice
554,Atul Hospital,Maharashtra,Jaundice
555,Atul Lok Hospital,Maharashtra,Jaundice
556,Atul Nursing Home,Uttar Pradesh,Jaundice
557,Aum Eye Hospital,Gujarat,Jaundice
558,Aum Hospital,Chattisgarh,Jaundice
559,Auro Ent Hospital,Gujarat,Jaundice
560,Aurobindo Netralaya,West Bengal,Malaria
561,Auroma Ent Hospital,Gujarat,Malaria
562,Austmangal Surgical Hospital,Gujarat,Malaria
563,Avadh Hospital & Heart Centre,Uttar Pradesh,Malaria
564,Avadhani Nethralaya,Karnataka,Malaria
565,Avadhoot Hospital & Iccu,Maharashtra,Malaria
566,Avanitka Hospital,Delhi,Malaria
567,Avanti Institute Of Cardiology Pvt. Ltd.,Maharashtra,Malaria
568,Avantika Hospital,Uttar Pradesh,Malaria
569,Avhieta Hospital & Health Care,Karnataka,Malaria
570,Avinash Shah Memorial Multispeciality Hospital,Karnataka,Chicken pox
571,Avm Medical Ent Research Fundation,Tamilnadu,Chicken pox
572,Avss Hospitals,Tamilnadu,Chicken pox
573,Aware Global Hospital (A Unit Of Ravindranath Ge Medical Associates Pvt Ltd),Andhra Pradesh,Chicken pox
574,Aware Global Hospitals,Andhra Pradesh,Chicken pox
575,Axis Eye Foundation,Andhra Pradesh,Chicken pox
576,Axon Hospitals,Andhra Pradesh,Chicken pox
577,Aysha Hospital,Tamilnadu,Chicken pox
578,Ayub Ansari Nursing Home,West Bengal,Chicken pox
579,Ayush Hospital,Andhra Pradesh,Chicken pox
580,Ayush Hospitals & Trauma Care Pvt Ltd,Orissa,Dengue
581,Ayushmaan Hospital & Diagnostic Institute,Chattisgarh,Dengue
582,Ayushman Hospital,Delhi,Dengue
583,Ayushman Hospital,Madhya Pradesh,Dengue
584,Ayushman Hospital & Trauma Centre,Haryana,Dengue
585,Ayushman Hospital & Trauma Centre,Uttar Pradesh,Dengue
586,Ayushman Neuro Cardio Centre Shubham Hospital,Madhya Pradesh,Dengue
587,Azam Hospital,Andhra Pradesh,Dengue
588,Azra Memorial Hospital,Uttar Pradesh,Dengue
589,B M Birla Heart Research Centre,West Bengal,Dengue
590,B M Hospitals,Tamilnadu,Typhoid
591,B.A Hospital & Training Centre,Karnataka,Typhoid
592,B.B Hospital,Tamilnadu,Typhoid
593,B.G Hospital,Tamilnadu,Typhoid
594,B.G. Hospital,Karnataka,Typhoid
595,B.G.S Vivus Heart Centre,Karnataka,Typhoid
596,B.J. Lingegowda Hospital,Karnataka,Typhoid
597,B.J.S.Bal Memorial Hospital,Punjab,Typhoid
598,B.K.Heart Hospital Pvt Ltd,Uttar Pradesh,Typhoid
599,B.K.Memorial Hospital,Assam,Typhoid
600,B.K.R Hospital,Andhra Pradesh,hepatitis A
601,B.M. Gupta Nursing Home Pvt Ltd.,Delhi,hepatitis A
602,B.M.Orthopaedic Hospital,Tamilnadu,hepatitis A
603,B.M.R Hospitals,Andhra Pradesh,hepatitis A
604,B.M.Silver Jubilee Multi Speciality Hospital,Tamilnadu,hepatitis A
605,B.N.V Hospital Pvt Ltd,Kerala,hepatitis A
606,B.P. Poddar Hospital & Medical Research Ltd,West Bengal,hepatitis A
607,B.P.Jain Hospital,Tamilnadu,hepatitis A
608,B.R. Hospital,Tamilnadu,hepatitis A
609,B.R. Memorial Hospital,Haryana,hepatitis A
610,B.S. Hospital,Tamilnadu,Hepatitis B
611,B.S.S. Hospital,Tamilnadu,Hepatitis B
612,B.Siddaramanna Hospital,Karnataka,Hepatitis B
613,B.T. Hospital,Delhi,Hepatitis B
614,Babus Maternity Hosptial,Tamilnadu,Hepatitis B
615,Baby Hospital,Andhra Pradesh,Hepatitis B
616,Baby Memorial Hospital Ltd,Kerala,Hepatitis B
617,Bacc Health Care Private Limited,Karnataka,Hepatitis B
618,Badade Hospital,Maharashtra,Hepatitis B
619,Bafna Hospital & Orthopaedic Research Centre,Madhya Pradesh,Hepatitis B
620,Bagade Hospital For Women & Maternity Home,Maharashtra,Hepatitis C
621,Bagdi Nursing Home,Tamilnadu,Hepatitis C
622,Bahl Hospital & Medical Research Centre,Rajasthan,Hepatitis C
623,Bahusar Nursing Home,Karnataka,Hepatitis C
624,Bajaj Eye Care Centre,Delhi,Hepatitis C
625,Bajwa Hospital,Punjab,Hepatitis C
626,Bakhtar Hospital,Maharashtra,Hepatitis C
627,Bakshi Hospital,Punjab,Hepatitis C
628,Balagangadhara Varma Nursing Home & Research Center,Tamilnadu,Hepatitis C
629,Balaji Accident Hospital,Maharashtra,Hepatitis C
630,Balaji Eye Care & Laser Centre,Andhra Pradesh,Hepatitis D
631,Balaji Healthcare (Rajpal Hospital),Maharashtra,Hepatitis D
632,Balaji Hospital,Haryana,Hepatitis D
633,Balaji Hospital,Andhra Pradesh,Hepatitis D
634,Balaji Hospital,Andhra Pradesh,Hepatitis D
635,Balaji Hospital,Andhra Pradesh,Hepatitis D
636,Balaji Hospital,Karnataka,Hepatitis D
637,Balaji Hospital,Karnataka,Hepatitis D
638,Balaji Hospital,Kerala,Hepatitis D
639,Balaji Hospital,Tamilnadu,Hepatitis D
640,Balaji Hospital,Maharashtra,Hepatitis E
641,Balaji Hospital,Maharashtra,Hepatitis E
642,Balaji Hospital,Maharashtra,Hepatitis E
643,Balaji Hospital ( A Unit Of Shri Vhmrc Pvt Ltd),Gujarat,Hepatitis E
644,Balaji Maternity & Nursing Home,Maharashtra,Hepatitis E
645,Balaji Nursing Home,Karnataka,Hepatitis E
646,Balaji Nursing Home,Karnataka,Hepatitis E
647,Balaji Speciality Hospital,Maharashtra,Hepatitis E
648,Balaji Surya Hospital,Tamilnadu,Hepatitis E
649,Balakrishna Eye Hospital & Eye Research Centre,Tamilnadu,Hepatitis E
650,Balanku Hospital,Karnataka,Alcoholic hepatitis
651,Baldwa Hospital,Maharashtra,Alcoholic hepatitis
652,Bali Nursing Home,Delhi,Alcoholic hepatitis
653,Ballabgarh Nursing Home,Haryana,Alcoholic hepatitis
654,Banarasidas Chandiwala Institute Of Medical Sciences,Delhi,Alcoholic hepatitis
655,Banashankari Hospital Pvt Ltd,Karnataka,Alcoholic hepatitis
656,Bangalore Baptist Hospital,Karnataka,Alcoholic hepatitis
657,Bangalore Eye Hospital & Retina Centre,Karnataka,Alcoholic hepatitis
658,Bangalore Nethralaya Super Speciality Eye Hospital,Karnataka,Alcoholic hepatitis
659,Bangur Medicare Research Institute,West Bengal,Alcoholic hepatitis
660,Bani Park Hospital( Heart. Eecp & Multispecialty),Rajasthan,Tuberculosis
661,Bankers Heart Institute,Gujarat,Tuberculosis
662,Bankura Nursing Home,West Bengal,Tuberculosis
663,Bansal Hospital & Research Centre Pvt Ltd,Delhi,Tuberculosis
664,Bansal Hospital And Research Centre,Rajasthan,Tuberculosis
665,Bansal Hospital(A Unit Of Namedi Hospitalpvt Ltd,Delhi,Tuberculosis
666,Bansal Nursing Centre (A Unit Of Pahari Mata Medical (P) Ltd),West Bengal,Tuberculosis
667,Bapat Hospital,Madhya Pradesh,Tuberculosis
668,Bappu Clinic & Nursing Home,Tamilnadu,Tuberculosis
669,Baptist Christian Hospital,Assam,Tuberculosis
670,Bapuji Maternity & Nursing Home,Andhra Pradesh,Common Cold
671,Bapuji Nursing Home,Karnataka,Common Cold
672,Baradkar Hospital & Maternity Home,Maharashtra,Common Cold
673,Bardia Hospital,Maharashtra,Common Cold
674,Bareja Hospital,Haryana,Common Cold
675,Bargachia Nursing Home,West Bengal,Common Cold
676,Baroda Heart & Multispeciality Hospital,Gujarat,Common Cold
677,Baroda Heart Institute And Research Centre,Gujarat,Common Cold
678,Barrackpore Medicare & Recovery Centre Ltd,West Bengal,Common Cold
679,Barsa Nursing Home,Orissa,Common Cold
680,Barthakur Clinic Pvt Ltd,Assam,Pneumonia
681,Basant Sahney Hospitals.,Andhra Pradesh,Pneumonia
682,Basappa Memorial Hospital,Karnataka,Pneumonia
683,Basappa Multispeciality Hospital,Karnataka,Pneumonia
684,Basavanagudi E.N.T. Care Centre,Karnataka,Pneumonia
685,Basavangudi Medical Centre,Karnataka,Pneumonia
686,Basavatarakam Indo American Cancer Hospital & Research Institute,Andhra Pradesh,Pneumonia
687,Bassi Nursing Home Pvt Ltd,Punjab,Pneumonia
688,Batalia Eye Hosptial,Madhya Pradesh,Pneumonia
689,Batra Hospital,Delhi,Pneumonia
690,Batra Hospital,Gujarat,Dimorphic hemmorhoids(piles)
691,Batra Hospital,Madhya Pradesh,Dimorphic hemmorhoids(piles)
692,Bavishi Eye Hospital,Gujarat,Dimorphic hemmorhoids(piles)
693,Bavishi Hospital,Gujarat,Dimorphic hemmorhoids(piles)
694,Bawa Hospital Pvt Ltd,Punjab,Dimorphic hemmorhoids(piles)
695,Bay View Clinic,Maharashtra,Dimorphic hemmorhoids(piles)
696,Bbc Heart Care Pruthi Hospital,Punjab,Dimorphic hemmorhoids(piles)
697,Be Well Hospitals Pvt Ltd,Tamilnadu,Dimorphic hemmorhoids(piles)
698,Beams Hospitals Privated Limited,Karnataka,Dimorphic hemmorhoids(piles)
699,Beams Hospitals Pvt Ltd-Amritsar,Punjab,Dimorphic hemmorhoids(piles)
700,Beams Hospitals Pvt Ltd. Hyderabad,Andhra Pradesh,Heart attack
701,Beas Hospital,Himachal Pradesh,Heart attack
702,Behera Nursing Home,Orissa,Heart attack
703,Behl Hospital,Delhi,Heart attack
704,Bejan Singh Eye Hospital Pvt Ltd,Tamilnadu,Heart attack
705,Belaku Eye Hospitals Pvt Ltd,Karnataka,Heart attack
706,Belgaum Cancer Hospital Pvt Ltd,Karnataka,Heart attack
707,Belgaum Children'S Hospital Pvt Ltd,Karnataka,Heart attack
708,Belle Vue Nursing Home,Maharashtra,Heart attack
709,Belle Vue'S Cambridge Hospital,Karnataka,Heart attack
710,Bellona Nursing Home And Diagnostic Centre Private Limited,West Bengal,Varicose veins
711,Belokar Hospital,Maharashtra,Varicose veins
712,Bembde Hospital,Maharashtra,Varicose veins
713,Benaka Health Centre,Karnataka,Varicose veins
714,Bendre Hospital And Maternity Home,Maharashtra,Varicose veins
715,Bensups Hospital,Delhi,Varicose veins
716,Benuban Health Care & Diagnostic Centre,West Bengal,Varicose veins
717,Benzer Nursing Home,Maharashtra,Varicose veins
718,Beri Maternity Centre,Punjab,Varicose veins
719,Bethany Hospital,Maharashtra,Varicose veins
720,Bethel Hospital (P) Ltd,Tamilnadu,Hypothyroidism
721,Better Health Pvt Ltd,Gujarat,Hypothyroidism
722,Better Sight & Research Centre,Maharashtra,Hypothyroidism
723,Bgm Hospital,Tamilnadu,Hypothyroidism
724,Bgs Global Hospital,Karnataka,Hypothyroidism
725,Bhadra Nursing Home,Karnataka,Hypothyroidism
726,Bhagat Chandra Hospital (A Unit Of Bhagat Hospitals (P) Ltd.),Delhi,Hypothyroidism
727,Bhagat Hospital,Delhi,Hypothyroidism
728,Bhagat Nursing Home,Maharashtra,Hypothyroidism
729,Bhagavathi Multi Speciality Hospital,Karnataka,Hypothyroidism
730,Bhagawati Netralaya,Maharashtra,Hyperthyroidism
731,Bhagirathi Hospital,Orissa,Hyperthyroidism
732,Bhagwan Mahaveer Cancer Hospital And Research Centre,Rajasthan,Hyperthyroidism
733,Bhagwan Mahaveer Darshan Eye Hospital,Karnataka,Hyperthyroidism
734,Bhagwan Mahaveer Eye Hospital,Tamilnadu,Hyperthyroidism
735,Bhagwan Mahaveer Jain Heart Centre( A Unit Of Srinivasa Cardiology Centre Pvt Ltd),Karnataka,Hyperthyroidism
736,Bhagwan Mahaveer Jain Hospital,Karnataka,Hyperthyroidism
737,Bhagwan Mahaveer Jain Netralaya,Karnataka,Hyperthyroidism
738,Bhagwan Mahavir Hospital,Delhi,Hyperthyroidism
739,Bhagwat Maternity And Nursing Home,Karnataka,Hyperthyroidism
740,Bhagwati Healthcare Pvt Ltd,Maharashtra,Hypoglycemia
741,Bhagwati Hospital,Delhi,Hypoglycemia
742,Bhagwati Urology Hospital,Gujarat,Hypoglycemia
743,Bhagyoday Tirth Hospital,Madhya Pradesh,Hypoglycemia
744,Bhagyojaya Hospital,Maharashtra,Hypoglycemia
745,Bhailal Amin General Hospital,Gujarat,Hypoglycemia
746,Bhakti Hospital,Maharashtra,Hypoglycemia
747,Bhaktivedanta Hospital,Maharashtra,Hypoglycemia
748,Bhalerao Ent Hospital,Maharashtra,Hypoglycemia
749,Bhandari Hospital,Rajasthan,Hypoglycemia
750,Bhandari Hospital & Research Centre,Madhya Pradesh,Osteoarthristis
751,Bhandari Hospital & Research Centre(A Unit Of Bhandari Health Care Pvt .Ltd),Rajasthan,Osteoarthristis
752,Bhandari Maternity & Nursing Home,Maharashtra,Osteoarthristis
753,Bhandari Polyclinic Pvt Ltd,Madhya Pradesh,Osteoarthristis
754,Bhanu Nursing Home,Karnataka,Osteoarthristis
755,Bharani Paventhan Multi Speciality Hospital,Tamilnadu,Osteoarthristis
756,Bharat Hospital And Research Centre,Madhya Pradesh,Osteoarthristis
757,Bharat Surgical & Maternity Centre,Punjab,Osteoarthristis
758,Bharat Vikas Parishad Hospital Research Centre,Rajasthan,Osteoarthristis
759,Bharath Hospital,Kerala,Osteoarthristis
760,Bharath Hospital,Tamilnadu,Arthritis
761,Bharath Hospital & Institute Of Oncolgy,Karnataka,Arthritis
762,Bharath Nursing Home,Karnataka,Arthritis
763,Bharath Rural Hospital & Training Centre,Kerala,Arthritis
764,Bharathi Hospital,Andhra Pradesh,Arthritis
765,Bharathi Hospital,Andhra Pradesh,Arthritis
766,Bharathi Hospital,Karnataka,Arthritis
767,Bharathi Hospital,Karnataka,Arthritis
768,Bharathi Hospital,Tamilnadu,Arthritis
769,Bharathy Hospital,Karnataka,Arthritis
770,Bharatiya Arogya Nidhi Sheth Kantilal C. Parikh General Hospital,Maharashtra,(vertigo) Paroymsal  Positional Vertigo
771,Bhardwaj Hospital,Uttar Pradesh,(vertigo) Paroymsal  Positional Vertigo
772,Bhardwaj Nursing Home,Andhra Pradesh,(vertigo) Paroymsal  Positional Vertigo
773,Bhargava Hospital,Uttar Pradesh,(vertigo) Paroymsal  Positional Vertigo
774,Bhargava Hospital & Research Centre,Rajasthan,(vertigo) Paroymsal  Positional Vertigo
775,Bhargava Nursing Home,Chattisgarh,(vertigo) Paroymsal  Positional Vertigo
776,Bhargava Nursing Home,Maharashtra,(vertigo) Paroymsal  Positional Vertigo
777,Bharti Eye Foundation,Delhi,(vertigo) Paroymsal  Positional Vertigo
778,Bhartiya Maternity & Nursing Home,Maharashtra,(vertigo) Paroymsal  Positional Vertigo
779,Bhartiya Maternity & Nursing Home Pvt Ltd,Maharashtra,(vertigo) Paroymsal  Positional Vertigo
780,Bharucha Hospital,Gujarat,Acne
781,Bhaskara Hospital,Andhra Pradesh,Acne
782,Bhaskara Hospital,Andhra Pradesh,Acne
783,Bhate Hospital And Maternity Home Chikodi,Karnataka,Acne
784,Bhatia General Hospital,Maharashtra,Acne
785,Bhatia Global Hospital & Endosurgery Institute,Delhi,Acne
786,Bhatia Orthopaedic & Maternity Nursing Home,Haryana,Acne
787,Bhatiya Hospital,Maharashtra,Acne
788,Bhatti Eye Clinic,Maharashtra,Acne
789,Bhavana Nursing Home,Karnataka,Acne
790,Bhavsar Surgical & Maternity Hospital,Gujarat,Urinary tract infection
791,Bhavya Hospital,Andhra Pradesh,Urinary tract infection
792,Bhide Hospital,Maharashtra,Urinary tract infection
793,Bhimavaram Hospitals Ltd,Andhra Pradesh,Urinary tract infection
794,Bhola Hospital,Haryana,Urinary tract infection
795,Bhola Hospital,Uttar Pradesh,Urinary tract infection
796,Bhopal Charitable Hospital,Madhya Pradesh,Urinary tract infection
797,Bhopal Eye Hospital,Madhya Pradesh,Urinary tract infection
798,Bhopal Heart & General Hospital,Madhya Pradesh,Urinary tract infection
799,Bhubaneswar Medical Research Institute & Nursing Home,Orissa,Urinary tract infection
800,Bhupal Hospital & Research Centre,Uttar Pradesh,Psoriasis
801,Bibi Ayesha Mili Hospital,Karnataka,Psoriasis
802,Bibi General Hospital & Cancer Centre,Andhra Pradesh,Psoriasis
803,Bikaner Nursing Home,Rajasthan,Psoriasis
804,Bilagi Hospital & Research Centre,Karnataka,Psoriasis
805,Billroth Hospital Limited,Tamilnadu,Psoriasis
806,Billroth Hospitals - Ra Puram,Tamilnadu,Psoriasis
807,Bilva Hospital,Karnataka,Psoriasis
808,Bimal Hospital,Delhi,Psoriasis
809,Bimla Devi Hospital,Delhi,Psoriasis
810,Bindu Nursing Home,Maharashtra,Impetigo
811,Bindubasini Nursing Home,West Bengal,Impetigo
812,Birajdar Hospital,Maharashtra,Impetigo
813,Birati Nursing Home Pvt Ltd,West Bengal,Impetigo
814,Birmole Hospital,Maharashtra,Impetigo
815,Bishop Alapatt Mission Hospital,Kerala,Impetigo
816,Bishop Benziger Hospital,Kerala,Impetigo
817,Blk Memorial Hospital,Delhi,Impetigo
818,Bobade Accident Hospital,Maharashtra,Impetigo
819,Bodyline Hospitals (A Unit Of Kidneyline Healthcare Pvt Ltd),Gujarat,Impetigo
820,Bollineni Heart Centre Pvt Ltd,Andhra Pradesh,Fungal infection
821,Bollineni Hospitals (A Unit Of Krishna Institute Of Medical Sciences Limited),Andhra Pradesh,Fungal infection
822,Bollineni Ramanaiah Memorial Hospital & Pvt Ltd,Andhra Pradesh,Fungal infection
823,Bollineni Ramanaiah Memorial Hospitals Pvt. Ltd,Andhra Pradesh,Fungal infection
824,Bombay Hospital,Madhya Pradesh,Fungal infection
825,Bombay Hospital & Research Centre,Uttaranchal,Fungal infection
826,Bombay Hospital & Research Centre Jabalpur,Madhya Pradesh,Fungal infection
827,Bombay Hospital And Research Centre,Maharashtra,Fungal infection
828,Bommidala Cancer Institute,Andhra Pradesh,Fungal infection
829,Bone And Joint Hospital & Research Centre Pvt Ltd,Rajasthan,Fungal infection
830,Bopal Eye Care Centre,Gujarat,Allergy
831,Bopal Multispeciality Hospital Pvt Ltd,Gujarat,Allergy
832,Boppana Super Speciality Hospital,Andhra Pradesh,Allergy
833,Bora Ent Hospital,Maharashtra,Allergy
834,Bora Hospital,Maharashtra,Allergy
835,Brahm Shakti Hospital,Delhi,Allergy
836,Brahm Shakti Sanjivani Hospital,Haryana,Allergy
837,Brahma Nursing Home,Karnataka,Allergy
838,Brahmaputra Diagnostics & Hospital Ltd,Assam,Allergy
839,Brain & Spine Hospital,Gujarat,Allergy
840,Breach Candy Hospital,Maharashtra,GERD
841,Brij Medical Center,Uttar Pradesh,GERD
842,Brij Medical Centre Pvt Ltd,Uttar Pradesh,GERD
843,Brijlal Hospital & Research Centre Pvt Ltd,Uttarakhand,GERD
844,Brijmohan Taori Memorial Hospital,Maharashtra,GERD
845,Bristlecone Hospitals Private Limited,Andhra Pradesh,GERD
846,Brookefield Hospital (A Unit Of Sanjeevini Healthcare),Karnataka,GERD
847,Brrighton Kavita Hospital,Haryana,GERD
848,Brs Hospital Pvt.Ltd,Tamilnadu,GERD
849,Brundavan Nursing Home,Andhra Pradesh,GERD
850,Brws Hospital,West Bengal,Chronic cholestasis
851,Bses Mg Hospital,Maharashtra,Chronic cholestasis
852,Bsr Ent Nursing Home,Andhra Pradesh,Chronic cholestasis
853,Burute Hospital,Maharashtra,Chronic cholestasis
854,Burute Hospital,Maharashtra,Chronic cholestasis
855,C.A.Hospital,Kerala,Chronic cholestasis
856,C.F. Sheth Memorial Hospital,Gujarat,Chronic cholestasis
857,C.K. Hospital,Tamilnadu,Chronic cholestasis
858,C.K.Memorial Kapoor,Haryana,Chronic cholestasis
859,C.R.Reddy Hospital,Andhra Pradesh,Chronic cholestasis
860,C.S.I. Hospital,Karnataka,Drug Reaction
861,C.S.I. Kalyani General Hospital,Tamilnadu,Drug Reaction
862,C.S.I. Lombard Memorial Hospital,Karnataka,Drug Reaction
863,C.S.I. Rainy Multi-Speciality Hospital,Tamilnadu,Drug Reaction
864,C.S.I. Redfern Memorial Hospital,Karnataka,Drug Reaction
865,C.S.M Nursing Home,Tamilnadu,Drug Reaction
866,C.V.R Hospital,Andhra Pradesh,Drug Reaction
867,Calcutta Lions Netra Niketan (Unit Of Lions Club Of Calcutta Trust),West Bengal,Drug Reaction
868,Calibre Medical Centre (Cmc),Andhra Pradesh,Drug Reaction
869,Canara Health Care Limited,Karnataka,Drug Reaction
870,Capitol Nursing Home Pvt Ltd,West Bengal,Peptic ulcer diseae
871,Cardinal Gracious Memorial Hospital Trust,Maharashtra,Peptic ulcer diseae
872,Care And Cure Hospital,West Bengal,Peptic ulcer diseae
873,Care Hospital,Andhra Pradesh,Peptic ulcer diseae
874,Care Hospitals,Andhra Pradesh,Peptic ulcer diseae
875,Care Hospitals (A Unit Of Quality Care India Limited).,Andhra Pradesh,Peptic ulcer diseae
876,Career Institute Of Medical Sciences(Cims),Madhya Pradesh,Peptic ulcer diseae
877,Carewell Heart & Super Speciality Hospital,Punjab,Peptic ulcer diseae
878,Carewell Hospital,Rajasthan,Peptic ulcer diseae
879,Carewell Hospital & Research Centre,Kerala,Peptic ulcer diseae
880,Carmel Hospital,Kerala,AIDS
881,Cauvery Hospital,Karnataka,AIDS
882,Cauvery Hospital,Karnataka,AIDS
883,Cauvery Orthopaedic Centre,Karnataka,AIDS
884,Cauvery Trust Hospital,Tamilnadu,AIDS
885,Ccmk Hospital,Kerala,AIDS
886,Cdr Medical Centre,Karnataka,AIDS
887,Central Avenue Critical Care Hospital & Iccu,Maharashtra,AIDS
888,Central Hospital,Delhi,AIDS
889,Central Hospital,Uttar Pradesh,AIDS
890,Centre For Knee Surgery,Gujarat,Diabetes 
891,Centre For Sight,Delhi,Diabetes 
892,Centre For Sight (A Unit Of New Delhi Centrre For Sight Pvt Ltd),Punjab,Diabetes 
893,Centre For Sight (Agra),Uttar Pradesh,Diabetes 
894,Centre For Sight (Gurgaon),Haryana,Diabetes 
895,Centre For Sight (Hisar),Haryana,Diabetes 
896,Centre For Sight (Jammu),Jammu & Kashmir,Diabetes 
897,Centre For Sight (Jodhpur),Rajasthan,Diabetes 
898,Centre For Sight (Ludhiana),Punjab,Diabetes 
899,Centre For Sight (Moradabad),Uttar Pradesh,Diabetes 
900,Centre For Sight (Preet Vihar),Delhi,Gastroenteritis
901,Centre For Sight (Rajouri),Delhi,Gastroenteritis
902,Centre For Sight (Rohini),Delhi,Gastroenteritis
903,Centre For Sight (Roopnagar),Delhi,Gastroenteritis
904,Centre For Sight-Chandigarh,Punjab,Gastroenteritis
905,Centre For Sight-Dwarka,Delhi,Gastroenteritis
906,Centre For Sight-Faridabad,Haryana,Gastroenteritis
907,Centre For Sight-Indore,Madhya Pradesh,Gastroenteritis
908,Centre For Sight-Patiala,Punjab,Gastroenteritis
909,Century Hospital,Kerala,Gastroenteritis
910,Cfs Netralaya Pvt Ltd Meerut (Centre For Sight),Uttar Pradesh,Bronchial Asthma
911,Cfs Netralaya Pvt. Ltd. (A Unit Of New Delhi Centre For Sight Pvt Ltd),Uttar Pradesh,Bronchial Asthma
912,Ch. Chhaju Ram Hospital (Aunit Of Holy Touch Healthcare Pvt Ltd),Delhi,Bronchial Asthma
913,Chaddha Children Hospital & Nursing Home,Delhi,Bronchial Asthma
914,Chahal Hospital,Punjab,Bronchial Asthma
915,Chaitanya Ent Hospital,Kerala,Bronchial Asthma
916,Chaitanya Eye Hospital,Andhra Pradesh,Bronchial Asthma
917,Chaitanya Eye Hospital & Research Instt,Kerala,Bronchial Asthma
918,Chaitanya Hospital,Punjab,Bronchial Asthma
919,Chaitanya Hospital,Karnataka,Bronchial Asthma
920,Chaitanya Hospital,Maharashtra,Hypertension 
921,Chaitanya Hospital,Maharashtra,Hypertension 
922,Chaitanya Hospital,Maharashtra,Hypertension 
923,Chaitanya Medical Centre,Karnataka,Hypertension 
924,Chaitanya Nursing Home,Maharashtra,Hypertension 
925,Chaithanya Eye Hospital & Research Institute,Kerala,Hypertension 
926,Chaithanya Eye Hospital & Research Institute,Kerala,Hypertension 
927,Chaithanya Multispeciality Hospital,Andhra Pradesh,Hypertension 
928,Chaitra Hospital,Karnataka,Hypertension 
929,Chakrabarthy Medical Centre,Maharashtra,Hypertension 
930,Chakrabarti Eye Care Centre,Kerala,Migraine
931,Chakravarty Nursing Home,Haryana,Migraine
932,Chalasani Hospital,Andhra Pradesh,Migraine
933,Chalasani Hospitals Pvt. Ltd.,Andhra Pradesh,Migraine
934,Challa Eye Care Centre,Andhra Pradesh,Migraine
935,Challa Hospital,Andhra Pradesh,Migraine
936,Chandak Nursing Home,Maharashtra,Migraine
937,Chandan Hospital & Icu,Gujarat,Migraine
938,Chandana Hospital,Karnataka,Migraine
939,Chandini Hospital,Karnataka,Migraine
940,Chandna Medical Centre,Haryana,Cervical spondylosis
941,Chandni Hospital,Rajasthan,Cervical spondylosis
942,Chandni Hospital,Uttar Pradesh,Cervical spondylosis
943,Chandra Bhushan Hosptial,Rajasthan,Cervical spondylosis
944,Chandra Hospital,Tamilnadu,Cervical spondylosis
945,Chandra Laxmi Hospital,Uttar Pradesh,Cervical spondylosis
946,Chandra Mohan'S Nursing Home,Andhra Pradesh,Cervical spondylosis
947,Chandra Mother & Eye Care,Uttar Pradesh,Cervical spondylosis
948,Chandrakala Hospital And Institute Of Medical Research,Karnataka,Cervical spondylosis
949,Chandraleela Hospital,Delhi,Cervical spondylosis
950,Chandralok Hospital,Uttar Pradesh,Paralysis (brain hemorrhage)
951,Chandralok Hospital,Maharashtra,Paralysis (brain hemorrhage)
952,Chandramani Hospital,Gujarat,Paralysis (brain hemorrhage)
953,Chandramathy Amma Memorial Hospital,Kerala,Paralysis (brain hemorrhage)
954,Chandravati Child & Maternity Hospital,Haryana,Paralysis (brain hemorrhage)
955,Chandulal Chandrakar Memorial Hospital,Chattisgarh,Paralysis (brain hemorrhage)
956,Channan Devi Memorial Hospital,Haryana,Paralysis (brain hemorrhage)
957,Chanre Rheumatology & Immunology Centre & Research (A Unit Of Chanre Darsha Health Care Pvt Ltd),Karnataka,Paralysis (brain hemorrhage)
958,Chaphekar Iccu & Diabetes Hospital,Maharashtra,Paralysis (brain hemorrhage)
959,Charak Clinic Nursing Home,Maharashtra,Paralysis (brain hemorrhage)
960,Charak Clinics,Punjab,Jaundice
961,Charak Hospital & Research Centre,Madhya Pradesh,Jaundice
962,Charak Hospital Pvt Ltd,Madhya Pradesh,Jaundice
963,Charaka Hospital,Karnataka,Jaundice
964,Charithasri Hospitals Ltd,Andhra Pradesh,Jaundice
965,Charnock Hospitals Pvt Ltd,West Bengal,Jaundice
966,Charring Cross Nursing Home (P) Ltd.,West Bengal,Jaundice
967,Chattisgarh Hosptial Medical Research Centre & Institute,Chattisgarh,Jaundice
968,Chaudhary Eye Centre & Laser Vision,Delhi,Jaundice
969,Chaudhry Medical & Maternity Hospital,Haryana,Jaundice
970,Chawla Nursing Home & Hospital,Punjab,Malaria
971,Chaya Hospital ( A Unit Of Chaya Healthcare Pvt Ltd),Karnataka,Malaria
972,Chazhikattu Hospitals Pvt Ltd,Kerala,Malaria
973,Cheema Medical Complex,Punjab,Malaria
974,Chelsa Medical Care (P) Ltd.,Kerala,Malaria
975,Chennai Eye Care Hospital,Tamilnadu,Malaria
976,Chennai Krishna Hospital,Tamilnadu,Malaria
977,Chennai Meenakshi Multispeciality Hospital Ltd.,Tamilnadu,Malaria
978,Chetana Hospital,Karnataka,Malaria
979,Chethana Hospital,Karnataka,Malaria
980,Chettinad Super Speciality Hospital (Cssh)-(A Unit Of Rajah Muthiah Charitable And Educational Trust),Tamilnadu,Chicken pox
981,Chhabda Hospital,Maharashtra,Chicken pox
982,Chhabra Hospital Panipat,Haryana,Chicken pox
983,Chikitsa Nursing Home,Delhi,Chicken pox
984,Child Jesus Hospital,Tamilnadu,Chicken pox
985,Childerns Hospital,Haryana,Chicken pox
986,Childrens Hospital,Andhra Pradesh,Chicken pox
987,Chincholi Eye Hospital,Karnataka,Chicken pox
988,Chinmay Nursing Home,Maharashtra,Chicken pox
989,Chinmaya Mission Hospital,Karnataka,Chicken pox
990,Chinmaya Narayana Hrudayalaya,Karnataka,Dengue
991,Chinmayi Hospital,Karnataka,Dengue
992,Chinmayi Hospital,Karnataka,Dengue
993,Chintamani Hospital,Maharashtra,Dengue
994,Chintan Orthopaedic Hospital,Gujarat,Dengue
995,Chirag Hospital,Haryana,Dengue
996,Chiranjeev Hospital,Maharashtra,Dengue
997,Chiranjeevi Hospital,Maharashtra,Dengue
998,Chiranjeevi Hospital & Maternity Home,Karnataka,Dengue
999,Chiranjeevi Maternity Hospital,Karnataka,Dengue
1000,Chiranjiv Hospital & Maternity Home,Haryana,Typhoid
1001,Chirashree Nursing Home,Karnataka,Typhoid
1002,Chirayu Health & Medicare (P) Ltd,Madhya Pradesh,Typhoid
1003,Chirayu Superspeciality Hospital,Maharashtra,Typhoid
1004,Chitra Hospital,Karnataka,Typhoid
1005,Chitra Kalyana Raman Nursing Home,Tamilnadu,Typhoid
1006,Chitrakut Surgical Hospital,Gujarat,Typhoid
1007,Chitras Ent Laser Surgery Super Speciality Hospital,Tamilnadu,Typhoid
1008,Chittaragi Hospital,Karnataka,Typhoid
1009,Chobe Maternity & Nursing Home,Maharashtra,Typhoid
1010,Chopda Medicare & Research Centre Pvt.Ltd,Maharashtra,hepatitis A
1011,Chopda Medicare & Research Centre Pvt Ltd,Maharashtra,hepatitis A
1012,Chord Road Hospital Pvt Ltd,Karnataka,hepatitis A
1013,Choudhari Hospital,Karnataka,hepatitis A
1014,Choudhary Ent Maternity & General Health Care Centre,Punjab,hepatitis A
1015,Chougala Hospital,Karnataka,hepatitis A
1016,Christian Hospital,Tamilnadu,hepatitis A
1017,Christian Medical College & Hospital,Punjab,hepatitis A
1018,Christian Mission Hospital,Kerala,hepatitis A
1019,Christos Hospital,Kerala,hepatitis A
1020,Christudas Orthopaedic Speciality Hospital,Tamilnadu,Hepatitis B
1021,Ciigma Institute & Medical Sciences Pvt Ltd,Maharashtra,Hepatitis B
1022,Cims Hospital Private Limited,Gujarat,Hepatitis B
1023,Citi Hospital,Karnataka,Hepatitis B
1024,Citi Hospital,Karnataka,Hepatitis B
1025,Citi Hospital,Madhya Pradesh,Hepatitis B
1026,City Cancer Centre,Andhra Pradesh,Hepatitis B
1027,City Care Hospital,Haryana,Hepatitis B
1028,City Central Hospital Pvt Ltd,Karnataka,Hepatitis B
1029,City Clinic,Karnataka,Hepatitis B
1030,City Eye Foundation,Kerala,Hepatitis C
1031,City Heart Hospital ( Unit Of Rajgarh Polyclinic & Nursing Home ),Assam,Hepatitis C
1032,City Hospital,Haryana,Hepatitis C
1033,City Hospital,Rajasthan,Hepatitis C
1034,City Hospital,Uttaranchal,Hepatitis C
1035,City Hospital,Karnataka,Hepatitis C
1036,City Hospital,Tamilnadu,Hepatitis C
1037,City Hospital,Tamilnadu,Hepatitis C
1038,City Hospital,Maharashtra,Hepatitis C
1039,City Hospital,Maharashtra,Hepatitis C
1040,City Hospital & Diagnostic Centre,Karnataka,Hepatitis D
1041,City Hospital & Maternity Home,Haryana,Hepatitis D
1042,City Hospital & Research Centre,Assam,Hepatitis D
1043,City Hospital & Research Centre,Madhya Pradesh,Hepatitis D
1044,City Hospital Pavalam Trauma Centre,Tamilnadu,Hepatitis D
1045,City Hospital Pvt Ltd,Kerala,Hepatitis D
1046,City Hospital Research & Diagnostic Centre,Karnataka,Hepatitis D
1047,City Hospital& Trauma Centre,Uttar Pradesh,Hepatitis D
1048,City Medical Centre,Karnataka,Hepatitis D
1049,Citycare Hospital & Research Centre Pvt Ltd,Maharashtra,Hepatitis D
1050,Clear Vision Eye Centre,Maharashtra,Hepatitis E
1051,Clear Vision Eye Hospital,Andhra Pradesh,Hepatitis E
1052,Clinic Nallam,Tamilnadu,Hepatitis E
1053,Cloudnine (A Venture Of Kids Clinic Pvt Ltd,Karnataka,Hepatitis E
1054,Cloudnine (Kids Clinic India Pvt. Ltd.),Karnataka,Hepatitis E
1055,Cnr Nursing Home,Andhra Pradesh,Hepatitis E
1056,Coastal Cardiac And Maternity Centre,Andhra Pradesh,Hepatitis E
1057,Coastal Care Hospital,Andhra Pradesh,Hepatitis E
1058,Cochin Hospital,Kerala,Hepatitis E
1059,Coimbatore Bone And Joint Foundation Pvt Ltd,Tamilnadu,Hepatitis E
1060,Coimbatore Kidney Centre,Tamilnadu,Alcoholic hepatitis
1061,Colaco Hospital,Karnataka,Alcoholic hepatitis
1062,Columbia Asia Hospital,West Bengal,Alcoholic hepatitis
1063,Columbia Asia Hospital,Karnataka,Alcoholic hepatitis
1064,Columbia Asia Hospital Palamvihar,Haryana,Alcoholic hepatitis
1065,Columbia Asia Hospital Pvt Ltd,Karnataka,Alcoholic hepatitis
1066,Columbia Asia Hospital Pvt Ltd-Patiala,Punjab,Alcoholic hepatitis
1067,Columbia Asia Hospital Pvt.Ltd-Ghaziabad,Uttar Pradesh,Alcoholic hepatitis
1068,Columbia Asia Referral Hospital,Karnataka,Alcoholic hepatitis
1069,Columbia Hospital And Research Centre-Nagpur,Maharashtra,Alcoholic hepatitis
1070,Combined Medical Institute (P) Ltd,Uttaranchal,Tuberculosis
1071,Comtrust Eye Hospital,Kerala,Tuberculosis
1072,Convenient Hospital Ltd,Madhya Pradesh,Tuberculosis
1073,Cosmo Medicals Pvt Ltd,Punjab,Tuberculosis
1074,Cosmo Multispeciality Hospital,Karnataka,Tuberculosis
1075,Cosmopolitan Hospitals (P) Ltd,Kerala,Tuberculosis
1076,Cradle Calicut Maternity Care Pvt Ltd,Kerala,Tuberculosis
1077,Crescent Hospitals,Tamilnadu,Tuberculosis
1078,Crescent India Medical Education Trust'S Inamdar Hospital,Maharashtra,Tuberculosis
1079,Crescent Nursing Home & Iccu,Maharashtra,Tuberculosis
1080,Criticare Hospital For Children,Maharashtra,Common Cold
1081,Criticare Superspeciality Hospital,Maharashtra,Common Cold
1082,Crystal Eye Centre,Maharashtra,Common Cold
1083,Csi Hospital,Tamilnadu,Common Cold
1084,Csi-Church Of South India Hospital,Karnataka,Common Cold
1085,Csr Nursing Home,Tamilnadu,Common Cold
1086,Cumballa Hill Hospital,Maharashtra,Common Cold
1087,Cure Emergency Hospital,Andhra Pradesh,Common Cold
1088,Cure Hospitals,Andhra Pradesh,Common Cold
1089,Cure Well Hospital,Rajasthan,Common Cold
1090,Cure Well Hospital,Andhra Pradesh,Pneumonia
1091,Cure-Well Nursing Home,Orissa,Pneumonia
1092,Curewell Hospital Pvt. Ltd.,Madhya Pradesh,Pneumonia
1093,Curie City Cancer Centre,Andhra Pradesh,Pneumonia
1094,Curie Manavata Cancer Centre,Maharashtra,Pneumonia
1095,Cuttack Nursing Home,Orissa,Pneumonia
1096,Cygnus Maharaja Arrarsain Hospital,Haryana,Pneumonia
1097,D D Eye Institute,Rajasthan,Pneumonia
1098,D'Souza Hospital,Maharashtra,Pneumonia
1099,D'Souza Nursing Home,Himachal Pradesh,Pneumonia
1100,D.G. Hospital (Devambika Nursing Home),Karnataka,Dimorphic hemmorhoids(piles)
1101,D.N. Hospital,Haryana,Dimorphic hemmorhoids(piles)
1102,D.S.K. Hospital,Tamilnadu,Dimorphic hemmorhoids(piles)
1103,D.S.Kothari Hospital,Maharashtra,Dimorphic hemmorhoids(piles)
1104,Dada Laser Eye Institute,Maharashtra,Dimorphic hemmorhoids(piles)
1105,Daddenavar Hospital & Research Centre,Karnataka,Dimorphic hemmorhoids(piles)
1106,Dafodil Nursing Home(P),West Bengal,Dimorphic hemmorhoids(piles)
1107,Dahiya Hospital,Haryana,Dimorphic hemmorhoids(piles)
1108,Dake Hospital,Maharashtra,Dimorphic hemmorhoids(piles)
1109,Daksh Hospital,Rajasthan,Dimorphic hemmorhoids(piles)
1110,Dakshata Hospital Pvt Ltd,Karnataka,Heart attack
1111,Dange Hospital,Karnataka,Heart attack
1112,Darekar Hospital,Maharashtra,Heart attack
1113,Darshan Eye Care Clinic (Savjiani Medico (P) Ltd),Gujarat,Heart attack
1114,Darshan Surgical Centre Llp,Tamilnadu,Heart attack
1115,Dashputra Hospital,Maharashtra,Heart attack
1116,Datar Nursing Home,Maharashtra,Heart attack
1117,Datt Maternity & Surgical Home,Maharashtra,Heart attack
1118,Datta Prasad Orthopaedic Nursing Home,Andhra Pradesh,Heart attack
1119,Dattatreya Nursing Home,Maharashtra,Heart attack
1120,Davangere Heart Hospital (Unit Of Suraj Hospital Pvt Ltd),Karnataka,Varicose veins
1121,Dave Orthopaedic Hospital,Gujarat,Varicose veins
1122,Dawar Eye Hospital,Rajasthan,Varicose veins
1123,Daya Hospital,Delhi,Varicose veins
1124,Dayanand Medical College Hospital,Punjab,Varicose veins
1125,Dayanand Nursing Home,Uttar Pradesh,Varicose veins
1126,Dbr & Sk Super Speciality Hospital,Andhra Pradesh,Varicose veins
1127,Ddmm Heart Instituti,Gujarat,Varicose veins
1128,Debipur Netralaya Pvt Ltd,West Bengal,Varicose veins
1129,Deccan Hospital,Karnataka,Varicose veins
1130,Deccan Medical Centre Pvt Ltd,Karnataka,Hypothyroidism
1131,Deeksha Hospital,Karnataka,Hypothyroidism
1132,Deendayal Memorial Hospital,Maharashtra,Hypothyroidism
1133,Deep Hospital,Punjab,Hypothyroidism
1134,Deep Hospital,Madhya Pradesh,Hypothyroidism
1135,Deep Hospital & Research Centre,Rajasthan,Hypothyroidism
1136,Deep Intensive And Critical Care,Gujarat,Hypothyroidism
1137,Deep Medical Center,Haryana,Hypothyroidism
1138,Deep Nursing Home,Punjab,Hypothyroidism
1139,Deep Nursing Home,Punjab,Hypothyroidism
1140,Deep Nursing Home,Maharashtra,Hyperthyroidism
1141,Deep Nursing Home & Children Hospital,Punjab,Hyperthyroidism
1142,Deepa Hospital,Karnataka,Hyperthyroidism
1143,Deepa Hospital (Tsunami Project Only),Kerala,Hyperthyroidism
1144,Deepa Kannan Hospital,Tamilnadu,Hyperthyroidism
1145,Deepa Nursing Home,Karnataka,Hyperthyroidism
1146,Deepa Nursing Home,Kerala,Hyperthyroidism
1147,Deepak Hospital,Karnataka,Hyperthyroidism
1148,Deepak Hospital,Maharashtra,Hyperthyroidism
1149,Deepak Memorial & Medical Research Centre,Delhi,Hyperthyroidism
1150,Deepak Nursing Home,Orissa,Hypoglycemia
1151,Deepam Eye Hospital,Tamilnadu,Hypoglycemia
1152,Deepam Hospital,Tamilnadu,Hypoglycemia
1153,Deepam Hospital,Tamilnadu,Hypoglycemia
1154,Deepam Hospital,Tamilnadu,Hypoglycemia
1155,Deepam Hospital Ltd,Tamilnadu,Hypoglycemia
1156,Deepam Hospital Ltd,Tamilnadu,Hypoglycemia
1157,Deepam Hosptial (Tsunami Project Only),Kerala,Hypoglycemia
1158,Deepan Hospital,Delhi,Hypoglycemia
1159,Deepashri Hospital (A Unit Of Cadms Trust),Karnataka,Hypoglycemia
1160,Deepika Eye Care Hospital,Tamilnadu,Osteoarthristis
1161,Deepjyoti Hospital Pvt Ltd,Maharashtra,Osteoarthristis
1162,Deepshikha Orthopaedic Hospital,Rajasthan,Osteoarthristis
1163,Deepthi Hospital,Tamilnadu,Osteoarthristis
1164,Deepthi Nursing Home,Andhra Pradesh,Osteoarthristis
1165,Delhi Heart And Lung Institute,Delhi,Osteoarthristis
1166,Delhi Hospital & Maternity Home,Haryana,Osteoarthristis
1167,Delhi Hospital & Nursing Home,Haryana,Osteoarthristis
1168,Delhi Hospital & Temple Nursing Home,Delhi,Osteoarthristis
1169,Delhi Nursing Home,Punjab,Osteoarthristis
1170,Deodhar Eye Hospital,Maharashtra,Arthritis
1171,Deokate Hospital,Maharashtra,Arthritis
1172,Deoki Hospital,Uttar Pradesh,Arthritis
1173,Deshmukh Hospital,Maharashtra,Arthritis
1174,Deshpande Hospital,Maharashtra,Arthritis
1175,Deshpande Hospital,Maharashtra,Arthritis
1176,Desun Hospital & Heart Institute,West Bengal,Arthritis
1177,Dev Eye Hospital,Gujarat,Arthritis
1178,Dev Hospital Dev Seva Trust,Gujarat,Arthritis
1179,Dev Nandini Hospital,Uttar Pradesh,Arthritis
1180,Dev Nursing Home,Maharashtra,(vertigo) Paroymsal  Positional Vertigo
1181,Deva Matha Hospital,Kerala,(vertigo) Paroymsal  Positional Vertigo
1182,Devadhar Nursing Home,Maharashtra,(vertigo) Paroymsal  Positional Vertigo
1183,Devadoss Multispeciality Hospital,Tamilnadu,(vertigo) Paroymsal  Positional Vertigo
1184,Devaki Cancer Institute,Tamilnadu,(vertigo) Paroymsal  Positional Vertigo
1185,Devaki Hospital,Tamilnadu,(vertigo) Paroymsal  Positional Vertigo
1186,Devam Orthopaedic Hospital,Gujarat,(vertigo) Paroymsal  Positional Vertigo
1187,Devamatha Hospital,Kerala,(vertigo) Paroymsal  Positional Vertigo
1188,Devasya Kidney And Multispeciality Hospital,Gujarat,(vertigo) Paroymsal  Positional Vertigo
1189,Devi Laxmi Hospital,Chattisgarh,(vertigo) Paroymsal  Positional Vertigo
1190,Devi Nursing Home,Kerala,Acne
1191,Devi Priya Hospital,Tamilnadu,Acne
1192,Devi Priya Life Care Hospital,Andhra Pradesh,Acne
1193,Devi Super Speciality Eye Hospital Private Limited,Karnataka,Acne
1194,Devishiv Hospital,Uttar Pradesh,Acne
1195,Devpushp Hospital,Gujarat,Acne
1196,Devyane Hospital,Rajasthan,Acne
1197,Dewang Nursing Home (P) Ltd,Maharashtra,Acne
1198,Dewas Hospital And Research Centre,Madhya Pradesh,Acne
1199,Dey'S Hospital,Uttar Pradesh,Acne
1200,Dhama Clinic & Medical Centre,Uttar Pradesh,Urinary tract infection
1201,Dhamdhere Hospital,Maharashtra,Urinary tract infection
1202,Dhami Eye Care Hospital,Punjab,Urinary tract infection
1203,Dhanshree Hospital,Maharashtra,Urinary tract infection
1204,Dhanush Hospital,Karnataka,Urinary tract infection
1205,Dhanush Hospital,Karnataka,Urinary tract infection
1206,Dhanush Hospital,Karnataka,Urinary tract infection
1207,Dhanvantari Fracture Orthopaedic & Arthroscopy Cntre,Maharashtra,Urinary tract infection
1208,Dhanvantari Hospital,Gujarat,Urinary tract infection
1209,Dhanvantari Hospital (P) Ltd.,Maharashtra,Urinary tract infection
1210,Dhanvantri Children'S Hospital & Nicu,Maharashtra,Psoriasis
1211,Dhanvantri Hospital & Research Centre,Rajasthan,Psoriasis
1212,Dhanvantri Jeevan Rekha Ltd,Uttar Pradesh,Psoriasis
1213,Dhanwantari Hospital,Maharashtra,Psoriasis
1214,Dhanwantari Medical,Maharashtra,Psoriasis
1215,Dhanwantari Tomer Hospital,Uttar Pradesh,Psoriasis
1216,Dhanwantary Hospital & Iccu,Maharashtra,Psoriasis
1217,Dhanwantri Hospital & Research Centre,Rajasthan,Psoriasis
1218,Dharam Hospital,Punjab,Psoriasis
1219,Dharan Hospital,Tamilnadu,Psoriasis
1220,Dharani Nursing Home,Andhra Pradesh,Impetigo
1221,Dharma Orthopedic Center,Maharashtra,Impetigo
1222,Dharmashila Cancer Hospital & Research Centre,Delhi,Impetigo
1223,Dhawan Hospital,Haryana,Impetigo
1224,Dhiviya Nursing Home,Tamilnadu,Impetigo
1225,Dhruva Eye Hospital & Laser Centre,Gujarat,Impetigo
1226,Dhulabapu Kokare Memorial Hospital,Maharashtra,Impetigo
1227,Dhulipalla Hospital Guntur,Andhra Pradesh,Impetigo
1228,Dhvani Ent Hosptial,Gujarat,Impetigo
1229,Dhwani General Hospital,Gujarat,Impetigo
1230,Diagram Health Care,Karnataka,Fungal infection
1231,Dilkusha Nursing Home Pvt Ltd,West Bengal,Fungal infection
1232,Dinesh Nursing Home,Tamilnadu,Fungal infection
1233,Dipa Children Hospital&Micu,Gujarat,Fungal infection
1234,Disha Eye Hospital & Research Centre Pvt Ltd,West Bengal,Fungal infection
1235,Disha Eye Hospital (Hoogly) Pvt Ltd,West Bengal,Fungal infection
1236,Dispur Polyclinic & Nursing Home,Assam,Fungal infection
1237,Divakars Global Hospitals,Karnataka,Fungal infection
1238,Divine Heart Hospital & Resesarch Centre,Uttar Pradesh,Fungal infection
1239,Divine Medical Centre,Kerala,Fungal infection
1240,Divine Multispeciality Hospital & Research Centre,Maharashtra,Allergy
1241,Divine Nursing Home Pvt Ltd,West Bengal,Allergy
1242,Divine Speciality Hospital,Karnataka,Allergy
1243,Divya Eye Clinic,Maharashtra,Allergy
1244,Divya Prabha Eye Hospital,Kerala,Allergy
1245,Divya Prastha Hospital,Delhi,Allergy
1246,Divyadrishti Eye Hosptial,Karnataka,Allergy
1247,Dm Eye Care Delhi Pvt Ltd (Aster),Haryana,Allergy
1248,Dm Wims ( Wayanad Institute Of Medical Secience),Kerala,Allergy
1249,Doctor House,Gujarat,Allergy
1250,Doctor Rex'S Hospital,Tamilnadu,GERD
1251,Dogra Nursing Home & Endoscopy Centre,Punjab,GERD
1252,Dolphin Children Hospital,Andhra Pradesh,GERD
1253,Domjur Nursing Home,West Bengal,GERD
1254,Doshi Nursing Home,Maharashtra,GERD
1255,Down Town Hospital Ltd,Assam,GERD
1256,Dr A.M Vaze,Maharashtra,GERD
1257,Dr Agarwal'S Eye Hospital Ltd,Tamilnadu,GERD
1258,Dr Agarwal'S Eye Hospital Ltd (Nanganallur),Tamilnadu,GERD
1259,Dr Agarwal'S Healthcare Ltd,Andhra Pradesh,GERD
1260,Dr Agarwal'S Healthcare Ltd,Andhra Pradesh,Chronic cholestasis
1261,Dr Agarwal'S Healthcare Ltd.,Karnataka,Chronic cholestasis
1262,Dr Agarwals Eye Hospital Ltd,Tamilnadu,Chronic cholestasis
1263,Dr Agarwals Eye Hospital Ltd,Tamilnadu,Chronic cholestasis
1264,Dr Agarwals Eye Hospital Ltd,Tamilnadu,Chronic cholestasis
1265,Dr Agarwals Eye Hospital Ltd,Tamilnadu,Chronic cholestasis
1266,Dr Agarwals Eye Hospital Ltd (Dharmapuri),Tamilnadu,Chronic cholestasis
1267,Dr Agarwals Eye Hospital Ltd (Gopalapuram),Tamilnadu,Chronic cholestasis
1268,Dr Agarwals Eye Hospital Ltd (Kumbakonam),Tamilnadu,Chronic cholestasis
1269,Dr Agarwals Eye Hospital Ltd (Periyar Nagar),Tamilnadu,Chronic cholestasis
1270,Dr Agarwals Eye Hospital Ltd (Salem),Tamilnadu,Drug Reaction
1271,Dr Agarwals Eye Hospital Ltd (Villupuram),Tamilnadu,Drug Reaction
1272,Dr Andals Lakshmi Fertility Reserch & Laparoscopic Surgical Centre,Andhra Pradesh,Drug Reaction
1273,Dr Baliga Nursing Home,Maharashtra,Drug Reaction
1274,Dr Bandal Arogya Hospital,Maharashtra,Drug Reaction
1275,Dr D Y Patil Hospital & Research Centre,Maharashtra,Drug Reaction
1276,Dr Handral Nursing Home,Karnataka,Drug Reaction
1277,Dr Kamakshi National Hospital,Tamilnadu,Drug Reaction
1278,Dr Kandoi Ashirwad Hospitals,Maharashtra,Drug Reaction
1279,Dr Kundan Lal Hospital,Punjab,Drug Reaction
1280,Dr Lankesh Eye Hospital Pvt Ltd,Tamilnadu,Peptic ulcer diseae
1281,Dr Lodaya Hospital,Karnataka,Peptic ulcer diseae
1282,Dr M Prakash Hospital & Medical Research Centre,Uttar Pradesh,Peptic ulcer diseae
1283,Dr Mahadevappa Eye Laser Hospital,Karnataka,Peptic ulcer diseae
1284,Dr Manoharan Hospital,Tamilnadu,Peptic ulcer diseae
1285,Dr Nutan Shah Eye Hospital & Advanced Phaco Centre,Gujarat,Peptic ulcer diseae
1286,Dr Pattabhirama Rao (Siromani Hospital),Andhra Pradesh,Peptic ulcer diseae
1287,Dr Rama Sofat Hospital,Punjab,Peptic ulcer diseae
1288,Dr Ramesh Hospital For Piles & Proctology,Karnataka,Peptic ulcer diseae
1289,Dr Rane Hospital (P) Ltd,Maharashtra,Peptic ulcer diseae
1290,Dr Rani Menon'S Eye Clinic,Kerala,AIDS
1291,Dr Sreedhar'S Kidney & Multispeciality Hospital,Andhra Pradesh,AIDS
1292,Dr Ysr Memorial Hospital,Andhra Pradesh,AIDS
1293,Dr. A. Ansari Hospital,Tamilnadu,AIDS
1294,Dr. A. Govindarajan Eye Hospitals,Tamilnadu,AIDS
1295,Dr. Agarwal'S Eye Hospital (Rep By Dr. Agarwal'S Health Care Ltd.),Andhra Pradesh,AIDS
1296,Dr. Agarwal'S Eye Hospital (Rep. By Dr. Agarwal'S Health Care Ltd.),Orissa,AIDS
1297,Dr. Ajayan'S Multispeciality Hospital,Maharashtra,AIDS
1298,Dr. Akbar Eye Hospital,Andhra Pradesh,AIDS
1299,Dr. Anji Reddy Multi-Speciality Hospital Pvt Ltd,Andhra Pradesh,AIDS
1300,Dr. Arvind Vision Care,Tamilnadu,Diabetes 
1301,Dr. Ashish Dave Eye Hospital,Gujarat,Diabetes 
1302,Dr. Ashit Shah Eye Hospital,Gujarat,Diabetes 
1303,Dr. Ashok Mittal Hospital,Rajasthan,Diabetes 
1304,Dr. Ashok Patil Clinic,Maharashtra,Diabetes 
1305,Dr. Atray Eye Hospital,Rajasthan,Diabetes 
1306,Dr. Atul Shah Eye Hospital,Gujarat,Diabetes 
1307,Dr. Bawaris Nursing Home,Assam,Diabetes 
1308,Dr. Bedekars Hospital,Maharashtra,Diabetes 
1309,Dr. Bhandare Hospital,Goa,Diabetes 
1310,Dr. Bidari'S Ashwini Hospital,Karnataka,Gastroenteritis
1311,Dr. Bothra'S Hospital,Maharashtra,Gastroenteritis
1312,Dr. Caeiro Bicholim Polyclinic Hospital,Goa,Gastroenteritis
1313,Dr. Deepak Hospital,Maharashtra,Gastroenteritis
1314,Dr. Dijesh Shah'S Meru Nursing Home,Gujarat,Gastroenteritis
1315,Dr. Eye Hospital,Maharashtra,Gastroenteritis
1316,Dr. G.C. Hospital,Tamilnadu,Gastroenteritis
1317,Dr. G.K. Srivastava Hospital Pvt Ltd,Uttar Pradesh,Gastroenteritis
1318,Dr. Gandhi Orthopaedic Hospital,Gujarat,Gastroenteritis
1319,Dr. Gandhi'S Nursing Home Pvt Ltd,Maharashtra,Gastroenteritis
1320,Dr. Gokavi Maternity & General Hospital,Karnataka,Bronchial Asthma
1321,Dr. Govind Gupta Hospital,Rajasthan,Bronchial Asthma
1322,Dr. Grace George Hospital,Tamilnadu,Bronchial Asthma
1323,Dr. H.B. Eye Hospital,Gujarat,Bronchial Asthma
1324,Dr. Ithape Hospital,Maharashtra,Bronchial Asthma
1325,Dr. Jacquline Divyananda (Divya Hospital),Tamilnadu,Bronchial Asthma
1326,Dr. Jawaharlal Rohatgi Smarak Netra Chikitsalaya,Uttar Pradesh,Bronchial Asthma
1327,Dr. Jayant Shah Hospital,Gujarat,Bronchial Asthma
1328,Dr. Jayesh C. Gandhi Surgical Hospital,Gujarat,Bronchial Asthma
1329,Dr. Jeyasekharan Medical Trust,Tamilnadu,Bronchial Asthma
1330,Dr. Jialal Memorial Hospital Pvt Ltd,Uttar Pradesh,Hypertension 
1331,Dr. K.M. Nallaswamy Hospital,Tamilnadu,Hypertension 
1332,Dr. Kamra'S Urinary & Surgical Diseases Centre,Uttaranchal,Hypertension 
1333,Dr. Kannure Hospital & Iccu,Maharashtra,Hypertension 
1334,Dr. Kantak'S Hospital,Goa,Hypertension 
1335,Dr. Khunger Eye Care & Research Center Pvt. Ltd.,Rajasthan,Hypertension 
1336,Dr. Khunger'S Eye Care Centre,Rajasthan,Hypertension 
1337,Dr. Kothari Eye Hospital,Rajasthan,Hypertension 
1338,Dr. Kulkarni Hospital,Maharashtra,Hypertension 
1339,Dr. Kumaraswami Health Centre ( A Unit Of Indian Medical Centre),Tamilnadu,Hypertension 
1340,Dr. Kunhalu'S Nursing Home,Kerala,Migraine
1341,Dr. Loganathan Orthopaedic Hospital,Tamilnadu,Migraine
1342,Dr. M.L.Gupta Memorial Centre,Haryana,Migraine
1343,Dr. Mahesh Rathod Hospital,Gujarat,Migraine
1344,Dr. Malathi Manipal Hospital,Karnataka,Migraine
1345,Dr. Manish Patankars Nath Hospital,Maharashtra,Migraine
1346,Dr. Manohara Sai Gowda Memorial Hospital,Karnataka,Migraine
1347,Dr. Mehta'S Multispeciality Hospital Pvt Ltd.,Tamilnadu,Migraine
